,Prob_Up
2018-08-23 00:00:00+00:00,0.49829233
2018-08-24 00:00:00+00:00,0.7012882
2018-08-27 00:00:00+00:00,0.5291527
2018-08-28 00:00:00+00:00,0.4198814
2018-08-29 00:00:00+00:00,0.521288
2018-08-30 00:00:00+00:00,0.41255647
2018-08-31 00:00:00+00:00,0.36403057
2018-09-04 00:00:00+00:00,0.5263175
2018-09-05 00:00:00+00:00,0.48027566
2018-09-06 00:00:00+00:00,0.35063252
2018-09-07 00:00:00+00:00,0.47646263
2018-09-10 00:00:00+00:00,0.61092174
2018-09-11 00:00:00+00:00,0.5422763
2018-09-12 00:00:00+00:00,0.781518
2018-09-13 00:00:00+00:00,0.57947767
2018-09-14 00:00:00+00:00,0.55739313
2018-09-17 00:00:00+00:00,0.6858679
2018-09-18 00:00:00+00:00,0.63164026
2018-09-19 00:00:00+00:00,0.45023537
2018-09-20 00:00:00+00:00,0.55987823
2018-09-21 00:00:00+00:00,0.5656887
2018-09-24 00:00:00+00:00,0.503173
2018-09-25 00:00:00+00:00,0.45035154
2018-09-26 00:00:00+00:00,0.5716395
2018-09-27 00:00:00+00:00,0.41334236
2018-09-28 00:00:00+00:00,0.43456388
2018-10-01 00:00:00+00:00,0.44794986
2018-10-02 00:00:00+00:00,0.417836
2018-10-03 00:00:00+00:00,0.39531478
2018-10-04 00:00:00+00:00,0.4325443
2018-10-05 00:00:00+00:00,0.45739505
2018-10-08 00:00:00+00:00,0.36977595
2018-10-09 00:00:00+00:00,0.42592093
2018-10-10 00:00:00+00:00,0.4454821
2018-10-11 00:00:00+00:00,0.42757896
2018-10-12 00:00:00+00:00,0.44421455
2018-10-15 00:00:00+00:00,0.51570815
2018-10-16 00:00:00+00:00,0.4910088
2018-10-17 00:00:00+00:00,0.38240942
2018-10-18 00:00:00+00:00,0.6087289
2018-10-19 00:00:00+00:00,0.6296318
2018-10-22 00:00:00+00:00,0.5438932
2018-10-23 00:00:00+00:00,0.53950113
2018-10-24 00:00:00+00:00,0.6511215
2018-10-25 00:00:00+00:00,0.7037537
2018-10-26 00:00:00+00:00,0.5867452
2018-10-29 00:00:00+00:00,0.62455535
2018-10-30 00:00:00+00:00,0.5852908
2018-10-31 00:00:00+00:00,0.60196334
2018-11-01 00:00:00+00:00,0.7062075
2018-11-02 00:00:00+00:00,0.5395678
2018-11-05 00:00:00+00:00,0.63615626
2018-11-06 00:00:00+00:00,0.6124201
2018-11-07 00:00:00+00:00,0.57433695
2018-11-08 00:00:00+00:00,0.50703895
2018-11-09 00:00:00+00:00,0.66154236
2018-11-12 00:00:00+00:00,0.5668964
2018-11-13 00:00:00+00:00,0.5213131
2018-11-14 00:00:00+00:00,0.4083254
2018-11-15 00:00:00+00:00,0.6067763
2018-11-16 00:00:00+00:00,0.60940045
2018-11-19 00:00:00+00:00,0.76393133
2018-11-20 00:00:00+00:00,0.675471
2018-11-21 00:00:00+00:00,0.6561667
2018-11-23 00:00:00+00:00,0.69830626
2018-11-26 00:00:00+00:00,0.6912324
2018-11-27 00:00:00+00:00,0.6136208
2018-11-28 00:00:00+00:00,0.57554567
2018-11-29 00:00:00+00:00,0.67040455
2018-11-30 00:00:00+00:00,0.532169
2018-12-03 00:00:00+00:00,0.357252
2018-12-04 00:00:00+00:00,0.45700926
2018-12-06 00:00:00+00:00,0.50146484
2018-12-07 00:00:00+00:00,0.38832998
2018-12-10 00:00:00+00:00,0.56148607
2018-12-11 00:00:00+00:00,0.6619003
2018-12-12 00:00:00+00:00,0.6160861
2018-12-13 00:00:00+00:00,0.53088385
2018-12-14 00:00:00+00:00,0.56256694
2018-12-17 00:00:00+00:00,0.49579057
2018-12-18 00:00:00+00:00,0.5624556
2018-12-19 00:00:00+00:00,0.55133116
2018-12-20 00:00:00+00:00,0.58921856
2018-12-21 00:00:00+00:00,0.50118834
2018-12-24 00:00:00+00:00,0.47791404
2018-12-26 00:00:00+00:00,0.575139
2018-12-27 00:00:00+00:00,0.68138814
2018-12-28 00:00:00+00:00,0.68144923
2018-12-31 00:00:00+00:00,0.7247897
2019-01-02 00:00:00+00:00,0.68823916
2019-01-03 00:00:00+00:00,0.5854931
2019-01-04 00:00:00+00:00,0.5094699
2019-01-07 00:00:00+00:00,0.24775039
2019-01-08 00:00:00+00:00,0.29053655
2019-01-09 00:00:00+00:00,0.3068997
2019-01-10 00:00:00+00:00,0.3404548
2019-01-11 00:00:00+00:00,0.32451952
2019-01-14 00:00:00+00:00,0.30077597
2019-01-15 00:00:00+00:00,0.27916884
2019-01-16 00:00:00+00:00,0.2775845
2019-01-17 00:00:00+00:00,0.54502964
2019-01-18 00:00:00+00:00,0.5354531
2019-01-22 00:00:00+00:00,0.27804235
2019-01-23 00:00:00+00:00,0.37720224
2019-01-24 00:00:00+00:00,0.5573336
2019-01-25 00:00:00+00:00,0.47433636
2019-01-28 00:00:00+00:00,0.5740779
2019-01-29 00:00:00+00:00,0.5707376
2019-01-30 00:00:00+00:00,0.5698245
2019-01-31 00:00:00+00:00,0.5868198
2019-02-01 00:00:00+00:00,0.53308654
2019-02-04 00:00:00+00:00,0.524546
2019-02-05 00:00:00+00:00,0.63614815
2019-02-06 00:00:00+00:00,0.47606435
2019-02-07 00:00:00+00:00,0.38848016
2019-02-08 00:00:00+00:00,0.6058535
2019-02-11 00:00:00+00:00,0.6385565
2019-02-12 00:00:00+00:00,0.5242926
2019-02-13 00:00:00+00:00,0.53723
2019-02-14 00:00:00+00:00,0.34380743
2019-02-15 00:00:00+00:00,0.58758354
2019-02-19 00:00:00+00:00,0.500832
2019-02-20 00:00:00+00:00,0.66939086
2019-02-21 00:00:00+00:00,0.65774876
2019-02-22 00:00:00+00:00,0.5805242
2019-02-25 00:00:00+00:00,0.7637284
2019-02-26 00:00:00+00:00,0.70029044
2019-02-27 00:00:00+00:00,0.6164149
2019-02-28 00:00:00+00:00,0.5820574
2019-03-01 00:00:00+00:00,0.70469755
2019-03-04 00:00:00+00:00,0.63302445
2019-03-05 00:00:00+00:00,0.53637964
2019-03-06 00:00:00+00:00,0.6086182
2019-03-07 00:00:00+00:00,0.64102226
2019-03-08 00:00:00+00:00,0.6005748
2019-03-11 00:00:00+00:00,0.5543507
2019-03-12 00:00:00+00:00,0.67605346
2019-03-13 00:00:00+00:00,0.56632036
2019-03-14 00:00:00+00:00,0.583341
2019-03-15 00:00:00+00:00,0.5799192
2019-03-18 00:00:00+00:00,0.5852987
2019-03-19 00:00:00+00:00,0.42224312
2019-03-20 00:00:00+00:00,0.44379422
2019-03-21 00:00:00+00:00,0.46226895
2019-03-22 00:00:00+00:00,0.5115795
2019-03-25 00:00:00+00:00,0.4983827
2019-03-26 00:00:00+00:00,0.46056888
2019-03-27 00:00:00+00:00,0.58322257
2019-03-28 00:00:00+00:00,0.4771158
2019-03-29 00:00:00+00:00,0.55882806
2019-04-01 00:00:00+00:00,0.57638174
2019-04-02 00:00:00+00:00,0.53582585
2019-04-03 00:00:00+00:00,0.52173287
2019-04-04 00:00:00+00:00,0.6126442
2019-04-05 00:00:00+00:00,0.5293122
2019-04-08 00:00:00+00:00,0.68019426
2019-04-09 00:00:00+00:00,0.593625
2019-04-10 00:00:00+00:00,0.591713
2019-04-11 00:00:00+00:00,0.621327
2019-04-12 00:00:00+00:00,0.5862492
2019-04-15 00:00:00+00:00,0.48895204
2019-04-16 00:00:00+00:00,0.51079273
2019-04-17 00:00:00+00:00,0.55986357
2019-04-18 00:00:00+00:00,0.5700939
2019-04-22 00:00:00+00:00,0.5789934
2019-04-23 00:00:00+00:00,0.5516758
2019-04-24 00:00:00+00:00,0.57301307
2019-04-25 00:00:00+00:00,0.56538767
2019-04-26 00:00:00+00:00,0.63438815
2019-04-29 00:00:00+00:00,0.68299943
2019-04-30 00:00:00+00:00,0.49630114
2019-05-01 00:00:00+00:00,0.4996725
2019-05-02 00:00:00+00:00,0.5424311
2019-05-03 00:00:00+00:00,0.60400414
2019-05-06 00:00:00+00:00,0.66815794
2019-05-07 00:00:00+00:00,0.6674755
2019-05-08 00:00:00+00:00,0.55451256
2019-05-09 00:00:00+00:00,0.5570571
2019-05-10 00:00:00+00:00,0.66233253
2019-05-13 00:00:00+00:00,0.62590265
2019-05-14 00:00:00+00:00,0.4327683
2019-05-15 00:00:00+00:00,0.5536114
2019-05-16 00:00:00+00:00,0.55377436
2019-05-17 00:00:00+00:00,0.48362142
2019-05-20 00:00:00+00:00,0.44081134
2019-05-21 00:00:00+00:00,0.4454857
2019-05-22 00:00:00+00:00,0.42550564
2019-05-23 00:00:00+00:00,0.39457414
2019-05-24 00:00:00+00:00,0.32844132
2019-05-28 00:00:00+00:00,0.43495512
2019-05-29 00:00:00+00:00,0.4366303
2019-05-30 00:00:00+00:00,0.4557446
2019-05-31 00:00:00+00:00,0.62284786
2019-06-03 00:00:00+00:00,0.4498935
2019-06-04 00:00:00+00:00,0.6535513
2019-06-05 00:00:00+00:00,0.5824933
2019-06-06 00:00:00+00:00,0.5585737
2019-06-07 00:00:00+00:00,0.49978438
2019-06-10 00:00:00+00:00,0.58483493
2019-06-11 00:00:00+00:00,0.7126821
2019-06-12 00:00:00+00:00,0.6211316
2019-06-13 00:00:00+00:00,0.4304705
2019-06-14 00:00:00+00:00,0.43558353
2019-06-17 00:00:00+00:00,0.54379725
2019-06-18 00:00:00+00:00,0.5662983
2019-06-19 00:00:00+00:00,0.48770103
2019-06-20 00:00:00+00:00,0.53525996
2019-06-21 00:00:00+00:00,0.49460077
2019-06-24 00:00:00+00:00,0.43559524
2019-06-25 00:00:00+00:00,0.4051141
2019-06-26 00:00:00+00:00,0.34452903
2019-06-27 00:00:00+00:00,0.5028445
2019-06-28 00:00:00+00:00,0.51319486
2019-07-01 00:00:00+00:00,0.49701273
2019-07-02 00:00:00+00:00,0.56485194
2019-07-03 00:00:00+00:00,0.58883864
2019-07-05 00:00:00+00:00,0.42821515
2019-07-08 00:00:00+00:00,0.4866754
2019-07-09 00:00:00+00:00,0.45091593
2019-07-10 00:00:00+00:00,0.49170366
2019-07-11 00:00:00+00:00,0.64247227
2019-07-12 00:00:00+00:00,0.4631137
2019-07-15 00:00:00+00:00,0.5600445
2019-07-16 00:00:00+00:00,0.3204862
2019-07-17 00:00:00+00:00,0.5356433
2019-07-18 00:00:00+00:00,0.58035636
2019-07-19 00:00:00+00:00,0.60542876
2019-07-22 00:00:00+00:00,0.33089197
2019-07-23 00:00:00+00:00,0.5454696
2019-07-24 00:00:00+00:00,0.35428533
2019-07-25 00:00:00+00:00,0.5413668
2019-07-26 00:00:00+00:00,0.51165044
2019-07-29 00:00:00+00:00,0.55162776
2019-07-30 00:00:00+00:00,0.37970698
2019-07-31 00:00:00+00:00,0.42687365
2019-08-01 00:00:00+00:00,0.32984677
2019-08-02 00:00:00+00:00,0.28575107
2019-08-05 00:00:00+00:00,0.39610213
2019-08-06 00:00:00+00:00,0.6025389
2019-08-07 00:00:00+00:00,0.48652783
2019-08-08 00:00:00+00:00,0.68964136
2019-08-09 00:00:00+00:00,0.6136222
2019-08-12 00:00:00+00:00,0.46350437
2019-08-13 00:00:00+00:00,0.57262564
2019-08-14 00:00:00+00:00,0.55168307
2019-08-15 00:00:00+00:00,0.5410004
2019-08-16 00:00:00+00:00,0.7554974
2019-08-19 00:00:00+00:00,0.6024703
2019-08-20 00:00:00+00:00,0.6466309
2019-08-21 00:00:00+00:00,0.66328555
2019-08-22 00:00:00+00:00,0.7326262
2019-08-23 00:00:00+00:00,0.62941056
2019-08-26 00:00:00+00:00,0.53082657
2019-08-27 00:00:00+00:00,0.75026345
2019-08-28 00:00:00+00:00,0.6089388
2019-08-29 00:00:00+00:00,0.7467267
2019-08-30 00:00:00+00:00,0.76574063
2019-09-03 00:00:00+00:00,0.7163705
2019-09-04 00:00:00+00:00,0.7385775
2019-09-05 00:00:00+00:00,0.70785034
2019-09-06 00:00:00+00:00,0.72840357
2019-09-09 00:00:00+00:00,0.69018316
2019-09-10 00:00:00+00:00,0.64859676
2019-09-11 00:00:00+00:00,0.6436978
2019-09-12 00:00:00+00:00,0.59153736
2019-09-13 00:00:00+00:00,0.45612353
2019-09-16 00:00:00+00:00,0.48647672
2019-09-17 00:00:00+00:00,0.5860079
2019-09-18 00:00:00+00:00,0.73998255
2019-09-19 00:00:00+00:00,0.762227
2019-09-20 00:00:00+00:00,0.5370962
2019-09-23 00:00:00+00:00,0.54552066
2019-09-24 00:00:00+00:00,0.5846133
2019-09-25 00:00:00+00:00,0.7164323
2019-09-26 00:00:00+00:00,0.7207961
2019-09-27 00:00:00+00:00,0.7556795
2019-09-30 00:00:00+00:00,0.73276615
2019-10-01 00:00:00+00:00,0.8000608
2019-10-02 00:00:00+00:00,0.7788852
2019-10-03 00:00:00+00:00,0.80957264
2019-10-04 00:00:00+00:00,0.7952675
2019-10-07 00:00:00+00:00,0.6084774
2019-10-08 00:00:00+00:00,0.81598055
2019-10-09 00:00:00+00:00,0.8265333
2019-10-10 00:00:00+00:00,0.72743946
2019-10-11 00:00:00+00:00,0.6827719
2019-10-14 00:00:00+00:00,0.57717645
2019-10-15 00:00:00+00:00,0.74034876
2019-10-16 00:00:00+00:00,0.72863847
2019-10-17 00:00:00+00:00,0.6320983
2019-10-18 00:00:00+00:00,0.6878859
2019-10-21 00:00:00+00:00,0.54231304
2019-10-22 00:00:00+00:00,0.59274507
2019-10-23 00:00:00+00:00,0.5262895
2019-10-24 00:00:00+00:00,0.47243112
2019-10-25 00:00:00+00:00,0.55986255
2019-10-28 00:00:00+00:00,0.49659678
2019-10-29 00:00:00+00:00,0.49285883
2019-10-30 00:00:00+00:00,0.67210287
2019-10-31 00:00:00+00:00,0.5913564
2019-11-01 00:00:00+00:00,0.6600034
2019-11-04 00:00:00+00:00,0.69018525
2019-11-05 00:00:00+00:00,0.63487
2019-11-06 00:00:00+00:00,0.6422351
2019-11-07 00:00:00+00:00,0.7196227
2019-11-08 00:00:00+00:00,0.5410753
2019-11-11 00:00:00+00:00,0.64535767
2019-11-12 00:00:00+00:00,0.602623
2019-11-13 00:00:00+00:00,0.70727354
2019-11-14 00:00:00+00:00,0.64204943
2019-11-15 00:00:00+00:00,0.649247
2019-11-18 00:00:00+00:00,0.66406935
2019-11-19 00:00:00+00:00,0.6476951
2019-11-20 00:00:00+00:00,0.7010653
2019-11-21 00:00:00+00:00,0.5705041
2019-11-22 00:00:00+00:00,0.67825615
2019-11-25 00:00:00+00:00,0.7019835
2019-11-26 00:00:00+00:00,0.41976807
2019-11-27 00:00:00+00:00,0.39917707
2019-11-29 00:00:00+00:00,0.50881433
2019-12-02 00:00:00+00:00,0.29625383
2019-12-03 00:00:00+00:00,0.2654763
2019-12-04 00:00:00+00:00,0.5759353
2019-12-05 00:00:00+00:00,0.5469427
2019-12-06 00:00:00+00:00,0.47225276
2019-12-09 00:00:00+00:00,0.4985744
2019-12-10 00:00:00+00:00,0.2833191
2019-12-11 00:00:00+00:00,0.30865958
2019-12-12 00:00:00+00:00,0.42537105
2019-12-13 00:00:00+00:00,0.5003121
2019-12-16 00:00:00+00:00,0.43877557
2019-12-17 00:00:00+00:00,0.55870277
2019-12-18 00:00:00+00:00,0.4975367
2019-12-19 00:00:00+00:00,0.47791225
2019-12-20 00:00:00+00:00,0.556445
2019-12-23 00:00:00+00:00,0.36469615
2019-12-24 00:00:00+00:00,0.43920693
2019-12-26 00:00:00+00:00,0.23600341
2019-12-27 00:00:00+00:00,0.18301164
2019-12-30 00:00:00+00:00,0.30152705
2019-12-31 00:00:00+00:00,0.47495255
2020-01-02 00:00:00+00:00,0.4894858
2020-01-03 00:00:00+00:00,0.57270944
2020-01-06 00:00:00+00:00,0.5730814
2020-01-07 00:00:00+00:00,0.32505056
2020-01-08 00:00:00+00:00,0.42056906
2020-01-09 00:00:00+00:00,0.44371313
2020-01-10 00:00:00+00:00,0.33783075
2020-01-13 00:00:00+00:00,0.24867707
2020-01-14 00:00:00+00:00,0.49479443
2020-01-15 00:00:00+00:00,0.42890823
2020-01-16 00:00:00+00:00,0.6357864
2020-01-17 00:00:00+00:00,0.50030506
2020-01-21 00:00:00+00:00,0.60562575
2020-01-22 00:00:00+00:00,0.6785388
2020-01-23 00:00:00+00:00,0.69675
2020-01-24 00:00:00+00:00,0.48054177
2020-01-27 00:00:00+00:00,0.60973495
2020-01-28 00:00:00+00:00,0.69480056
2020-01-29 00:00:00+00:00,0.7036981
2020-01-30 00:00:00+00:00,0.50084764
2020-01-31 00:00:00+00:00,0.7016367
2020-02-03 00:00:00+00:00,0.63348854
2020-02-04 00:00:00+00:00,0.629721
2020-02-05 00:00:00+00:00,0.59908223
2020-02-06 00:00:00+00:00,0.55679643
2020-02-07 00:00:00+00:00,0.49554807
2020-02-10 00:00:00+00:00,0.39972526
2020-02-11 00:00:00+00:00,0.5066635
2020-02-12 00:00:00+00:00,0.35064998
2020-02-13 00:00:00+00:00,0.52907676
2020-02-14 00:00:00+00:00,0.4267915
2020-02-18 00:00:00+00:00,0.30899
2020-02-19 00:00:00+00:00,0.4658435
2020-02-20 00:00:00+00:00,0.26312098
2020-02-21 00:00:00+00:00,0.29908207
2020-02-24 00:00:00+00:00,0.41002116
2020-02-25 00:00:00+00:00,0.49101028
2020-02-26 00:00:00+00:00,0.35660422
2020-02-27 00:00:00+00:00,0.2891309
2020-02-28 00:00:00+00:00,0.2740788
2020-03-02 00:00:00+00:00,0.2963083
2020-03-03 00:00:00+00:00,0.36569974
2020-03-04 00:00:00+00:00,0.24316977
2020-03-05 00:00:00+00:00,0.5017593
2020-03-06 00:00:00+00:00,0.3197491
2020-03-09 00:00:00+00:00,0.24194108
2020-03-10 00:00:00+00:00,0.35258287
2020-03-11 00:00:00+00:00,0.4066197
2020-03-12 00:00:00+00:00,0.36736077
2020-03-13 00:00:00+00:00,0.45603773
2020-03-16 00:00:00+00:00,0.47499666
2020-03-17 00:00:00+00:00,0.5519248
2020-03-18 00:00:00+00:00,0.41238335
2020-03-19 00:00:00+00:00,0.32555562
2020-03-20 00:00:00+00:00,0.41595346
2020-03-23 00:00:00+00:00,0.31731147
2020-03-24 00:00:00+00:00,0.49714112
2020-03-25 00:00:00+00:00,0.38370985
2020-03-26 00:00:00+00:00,0.5233899
2020-03-27 00:00:00+00:00,0.5121249
2020-03-30 00:00:00+00:00,0.3928077
2020-03-31 00:00:00+00:00,0.4158273
2020-04-01 00:00:00+00:00,0.41873288
2020-04-02 00:00:00+00:00,0.35856366
2020-04-03 00:00:00+00:00,0.39206058
2020-04-06 00:00:00+00:00,0.46920037
2020-04-07 00:00:00+00:00,0.4572923
2020-04-08 00:00:00+00:00,0.5332645
2020-04-09 00:00:00+00:00,0.5185537
2020-04-13 00:00:00+00:00,0.41961882
2020-04-14 00:00:00+00:00,0.59317255
2020-04-15 00:00:00+00:00,0.63768905
2020-04-16 00:00:00+00:00,0.46498936
2020-04-17 00:00:00+00:00,0.4556531
2020-04-20 00:00:00+00:00,0.4285298
2020-04-21 00:00:00+00:00,0.35158652
2020-04-22 00:00:00+00:00,0.4281588
2020-04-23 00:00:00+00:00,0.43613678
2020-04-24 00:00:00+00:00,0.38078874
2020-04-27 00:00:00+00:00,0.7474067
2020-04-28 00:00:00+00:00,0.74065953
2020-04-29 00:00:00+00:00,0.53786314
2020-04-30 00:00:00+00:00,0.47641057
2020-05-01 00:00:00+00:00,0.45882854
2020-05-04 00:00:00+00:00,0.47148404
2020-05-05 00:00:00+00:00,0.5670759
2020-05-06 00:00:00+00:00,0.58705807
2020-05-07 00:00:00+00:00,0.58101445
2020-05-08 00:00:00+00:00,0.7297588
2020-05-11 00:00:00+00:00,0.6591901
2020-05-12 00:00:00+00:00,0.3004316
2020-05-13 00:00:00+00:00,0.5682805
2020-05-14 00:00:00+00:00,0.4619142
2020-05-15 00:00:00+00:00,0.5335367
2020-05-18 00:00:00+00:00,0.58310145
2020-05-19 00:00:00+00:00,0.58838415
2020-05-20 00:00:00+00:00,0.60156786
2020-05-21 00:00:00+00:00,0.673456
2020-05-22 00:00:00+00:00,0.7585086
2020-05-26 00:00:00+00:00,0.4246871
2020-05-27 00:00:00+00:00,0.46238077
2020-05-28 00:00:00+00:00,0.5154978
2020-05-29 00:00:00+00:00,0.46267378
2020-06-01 00:00:00+00:00,0.38661143
2020-06-02 00:00:00+00:00,0.42722577
2020-06-03 00:00:00+00:00,0.49747077
2020-06-04 00:00:00+00:00,0.43521792
2020-06-05 00:00:00+00:00,0.34186578
2020-06-08 00:00:00+00:00,0.5964876
2020-06-09 00:00:00+00:00,0.4654138
2020-06-10 00:00:00+00:00,0.4711756
2020-06-11 00:00:00+00:00,0.4354755
2020-06-12 00:00:00+00:00,0.44601068
2020-06-15 00:00:00+00:00,0.5068065
2020-06-16 00:00:00+00:00,0.53256786
2020-06-17 00:00:00+00:00,0.4483838
2020-06-18 00:00:00+00:00,0.37529764
2020-06-19 00:00:00+00:00,0.47961214
2020-06-22 00:00:00+00:00,0.3222134
2020-06-23 00:00:00+00:00,0.5618873
2020-06-24 00:00:00+00:00,0.39398256
2020-06-25 00:00:00+00:00,0.38928488
2020-06-26 00:00:00+00:00,0.4382099
2020-06-29 00:00:00+00:00,0.43878338
2020-06-30 00:00:00+00:00,0.44587237
2020-07-01 00:00:00+00:00,0.5117147
2020-07-02 00:00:00+00:00,0.601246
2020-07-06 00:00:00+00:00,0.4480778
2020-07-07 00:00:00+00:00,0.44739988
2020-07-08 00:00:00+00:00,0.45334202
2020-07-09 00:00:00+00:00,0.4925697
2020-07-10 00:00:00+00:00,0.40020698
2020-07-13 00:00:00+00:00,0.49411383
2020-07-14 00:00:00+00:00,0.31938016
2020-07-15 00:00:00+00:00,0.56912106
2020-07-16 00:00:00+00:00,0.39670953
2020-07-17 00:00:00+00:00,0.27059582
2020-07-20 00:00:00+00:00,0.5786103
2020-07-21 00:00:00+00:00,0.5918675
2020-07-22 00:00:00+00:00,0.40292016
2020-07-23 00:00:00+00:00,0.54554796
2020-07-24 00:00:00+00:00,0.48391128
2020-07-27 00:00:00+00:00,0.49083668
2020-07-28 00:00:00+00:00,0.58741635
2020-07-29 00:00:00+00:00,0.50542706
2020-07-30 00:00:00+00:00,0.6064944
2020-07-31 00:00:00+00:00,0.61119753
2020-08-03 00:00:00+00:00,0.56883144
2020-08-04 00:00:00+00:00,0.64028096
2020-08-05 00:00:00+00:00,0.7724037
2020-08-06 00:00:00+00:00,0.79212314
2020-08-07 00:00:00+00:00,0.77662086
2020-08-10 00:00:00+00:00,0.62611914
2020-08-11 00:00:00+00:00,0.73375225
2020-08-12 00:00:00+00:00,0.7031446
2020-08-13 00:00:00+00:00,0.6720173
2020-08-14 00:00:00+00:00,0.6868482
2020-08-17 00:00:00+00:00,0.65918577
2020-08-18 00:00:00+00:00,0.70130426
2020-08-19 00:00:00+00:00,0.4721389
2020-08-20 00:00:00+00:00,0.50507915
2020-08-21 00:00:00+00:00,0.6159572
2020-08-24 00:00:00+00:00,0.6321663
2020-08-25 00:00:00+00:00,0.67671895
2020-08-26 00:00:00+00:00,0.6595473
2020-08-27 00:00:00+00:00,0.6572518
2020-08-28 00:00:00+00:00,0.46678513
2020-08-31 00:00:00+00:00,0.6624448
2020-09-01 00:00:00+00:00,0.46119502
2020-09-02 00:00:00+00:00,0.5845213
2020-09-03 00:00:00+00:00,0.47065446
2020-09-04 00:00:00+00:00,0.6061912
2020-09-08 00:00:00+00:00,0.48869795
2020-09-09 00:00:00+00:00,0.33978432
2020-09-10 00:00:00+00:00,0.4952569
2020-09-11 00:00:00+00:00,0.5725513
2020-09-14 00:00:00+00:00,0.3911369
2020-09-15 00:00:00+00:00,0.41630197
2020-09-16 00:00:00+00:00,0.4273686
2020-09-17 00:00:00+00:00,0.30200496
2020-09-18 00:00:00+00:00,0.30490887
2020-09-21 00:00:00+00:00,0.30478933
2020-09-22 00:00:00+00:00,0.5054496
2020-09-23 00:00:00+00:00,0.51938
2020-09-24 00:00:00+00:00,0.5633327
2020-09-25 00:00:00+00:00,0.6922466
2020-09-28 00:00:00+00:00,0.7431365
2020-09-29 00:00:00+00:00,0.73603076
2020-09-30 00:00:00+00:00,0.7753933
2020-10-01 00:00:00+00:00,0.74893194
2020-10-02 00:00:00+00:00,0.7880074
2020-10-05 00:00:00+00:00,0.788361
2020-10-06 00:00:00+00:00,0.8001626
2020-10-07 00:00:00+00:00,0.78792465
2020-10-08 00:00:00+00:00,0.7396446
2020-10-09 00:00:00+00:00,0.740251
2020-10-12 00:00:00+00:00,0.81640214
2020-10-13 00:00:00+00:00,0.8217261
2020-10-14 00:00:00+00:00,0.8377177
2020-10-15 00:00:00+00:00,0.636552
2020-10-16 00:00:00+00:00,0.560842
2020-10-19 00:00:00+00:00,0.60324126
2020-10-20 00:00:00+00:00,0.55759966
2020-10-21 00:00:00+00:00,0.57193655
2020-10-22 00:00:00+00:00,0.7256128
2020-10-23 00:00:00+00:00,0.6483849
2020-10-26 00:00:00+00:00,0.7043587
2020-10-27 00:00:00+00:00,0.78139806
2020-10-28 00:00:00+00:00,0.72317886
2020-10-29 00:00:00+00:00,0.76343113
2020-10-30 00:00:00+00:00,0.5149656
2020-11-02 00:00:00+00:00,0.5454341
2020-11-03 00:00:00+00:00,0.7380107
2020-11-04 00:00:00+00:00,0.7420008
2020-11-05 00:00:00+00:00,0.5348623
2020-11-06 00:00:00+00:00,0.71622133
2020-11-09 00:00:00+00:00,0.63796365
2020-11-10 00:00:00+00:00,0.69920796
2020-11-11 00:00:00+00:00,0.56715286
2020-11-12 00:00:00+00:00,0.39024544
2020-11-13 00:00:00+00:00,0.4058735
2020-11-16 00:00:00+00:00,0.37683547
2020-11-17 00:00:00+00:00,0.40953085
2020-11-18 00:00:00+00:00,0.29042733
2020-11-19 00:00:00+00:00,0.33751667
2020-11-20 00:00:00+00:00,0.4617646
2020-11-23 00:00:00+00:00,0.31360546
2020-11-24 00:00:00+00:00,0.5548182
2020-11-25 00:00:00+00:00,0.42476097
2020-11-27 00:00:00+00:00,0.46252945
2020-11-30 00:00:00+00:00,0.41734543
2020-12-01 00:00:00+00:00,0.32346827
2020-12-02 00:00:00+00:00,0.42344612
2020-12-03 00:00:00+00:00,0.39480358
2020-12-04 00:00:00+00:00,0.4754594
2020-12-07 00:00:00+00:00,0.5265132
2020-12-08 00:00:00+00:00,0.4709852
2020-12-09 00:00:00+00:00,0.53936124
2020-12-10 00:00:00+00:00,0.45935154
2020-12-11 00:00:00+00:00,0.5095687
2020-12-14 00:00:00+00:00,0.46339306
2020-12-15 00:00:00+00:00,0.600449
2020-12-16 00:00:00+00:00,0.5257627
2020-12-17 00:00:00+00:00,0.48532918
2020-12-18 00:00:00+00:00,0.46551177
2020-12-21 00:00:00+00:00,0.54458135
2020-12-22 00:00:00+00:00,0.5416388
2020-12-23 00:00:00+00:00,0.47182423
2020-12-24 00:00:00+00:00,0.4485842
2020-12-28 00:00:00+00:00,0.48089194
2020-12-29 00:00:00+00:00,0.5046507
2020-12-30 00:00:00+00:00,0.47137392
2020-12-31 00:00:00+00:00,0.5447447
2021-01-04 00:00:00+00:00,0.3598651
2021-01-05 00:00:00+00:00,0.31737632
2021-01-06 00:00:00+00:00,0.37790963
2021-01-07 00:00:00+00:00,0.23802447
2021-01-08 00:00:00+00:00,0.33067545
2021-01-11 00:00:00+00:00,0.32422462
2021-01-12 00:00:00+00:00,0.50141823
2021-01-13 00:00:00+00:00,0.55904675
2021-01-14 00:00:00+00:00,0.64027303
2021-01-15 00:00:00+00:00,0.5543035
2021-01-19 00:00:00+00:00,0.429069
2021-01-20 00:00:00+00:00,0.3599093
2021-01-21 00:00:00+00:00,0.36733055
2021-01-22 00:00:00+00:00,0.36977908
2021-01-25 00:00:00+00:00,0.3715755
2021-01-26 00:00:00+00:00,0.3855876
2021-01-27 00:00:00+00:00,0.54886925
2021-01-28 00:00:00+00:00,0.627455
2021-01-29 00:00:00+00:00,0.66829795
2021-02-01 00:00:00+00:00,0.48293412
2021-02-02 00:00:00+00:00,0.7543563
2021-02-03 00:00:00+00:00,0.6656056
2021-02-04 00:00:00+00:00,0.73070097
2021-02-05 00:00:00+00:00,0.527389
2021-02-08 00:00:00+00:00,0.41750237
2021-02-09 00:00:00+00:00,0.41705933
2021-02-10 00:00:00+00:00,0.41813734
2021-02-11 00:00:00+00:00,0.2724473
2021-02-12 00:00:00+00:00,0.53962547
2021-02-16 00:00:00+00:00,0.469679
2021-02-17 00:00:00+00:00,0.3904155
2021-02-18 00:00:00+00:00,0.40679377
2021-02-19 00:00:00+00:00,0.45711905
2021-02-22 00:00:00+00:00,0.5858654
2021-02-23 00:00:00+00:00,0.46297026
2021-02-24 00:00:00+00:00,0.58098364
2021-02-25 00:00:00+00:00,0.6534337
2021-02-26 00:00:00+00:00,0.7698323
2021-03-01 00:00:00+00:00,0.5980501
2021-03-02 00:00:00+00:00,0.53358126
2021-03-03 00:00:00+00:00,0.59015536
2021-03-04 00:00:00+00:00,0.65376574
2021-03-05 00:00:00+00:00,0.6216275
2021-03-08 00:00:00+00:00,0.3591731
2021-03-09 00:00:00+00:00,0.55901057
2021-03-10 00:00:00+00:00,0.49513695
2021-03-11 00:00:00+00:00,0.6133396
2021-03-12 00:00:00+00:00,0.61939293
2021-03-15 00:00:00+00:00,0.6703569
2021-03-16 00:00:00+00:00,0.6602123
2021-03-17 00:00:00+00:00,0.5855261
2021-03-18 00:00:00+00:00,0.444499
2021-03-19 00:00:00+00:00,0.49236456
2021-03-22 00:00:00+00:00,0.4129821
2021-03-23 00:00:00+00:00,0.45116323
2021-03-24 00:00:00+00:00,0.611478
2021-03-25 00:00:00+00:00,0.5070077
2021-03-26 00:00:00+00:00,0.6853379
2021-03-29 00:00:00+00:00,0.5804179
2021-03-30 00:00:00+00:00,0.6175777
2021-03-31 00:00:00+00:00,0.7130848
2021-04-01 00:00:00+00:00,0.6033965
2021-04-05 00:00:00+00:00,0.2708242
2021-04-06 00:00:00+00:00,0.48271924
2021-04-07 00:00:00+00:00,0.50814664
2021-04-08 00:00:00+00:00,0.628745
2021-04-09 00:00:00+00:00,0.4617162
2021-04-12 00:00:00+00:00,0.47790134
2021-04-13 00:00:00+00:00,0.5301195
2021-04-14 00:00:00+00:00,0.42052242
2021-04-15 00:00:00+00:00,0.2576695
2021-04-16 00:00:00+00:00,0.2699992
2021-04-19 00:00:00+00:00,0.31528714
2021-04-20 00:00:00+00:00,0.3352316
2021-04-21 00:00:00+00:00,0.25725937
2021-04-22 00:00:00+00:00,0.3814984
2021-04-23 00:00:00+00:00,0.35293046
2021-04-26 00:00:00+00:00,0.5169439
2021-04-27 00:00:00+00:00,0.234914
2021-04-28 00:00:00+00:00,0.39736775
2021-04-29 00:00:00+00:00,0.3806922
2021-04-30 00:00:00+00:00,0.41996935
2021-05-03 00:00:00+00:00,0.50635964
2021-05-04 00:00:00+00:00,0.36254793
2021-05-05 00:00:00+00:00,0.38901612
2021-05-06 00:00:00+00:00,0.3669596
2021-05-07 00:00:00+00:00,0.27776152
2021-05-10 00:00:00+00:00,0.28871068
2021-05-11 00:00:00+00:00,0.3747105
2021-05-12 00:00:00+00:00,0.36929166
2021-05-13 00:00:00+00:00,0.4107658
2021-05-14 00:00:00+00:00,0.33730897
2021-05-17 00:00:00+00:00,0.44600397
2021-05-18 00:00:00+00:00,0.29411542
2021-05-19 00:00:00+00:00,0.40559396
2021-05-20 00:00:00+00:00,0.38138857
2021-05-21 00:00:00+00:00,0.52203596
2021-05-24 00:00:00+00:00,0.5323926
2021-05-25 00:00:00+00:00,0.6600005
2021-05-26 00:00:00+00:00,0.3590579
2021-05-27 00:00:00+00:00,0.4077561
2021-05-28 00:00:00+00:00,0.5723622
2021-06-01 00:00:00+00:00,0.34513903
2021-06-02 00:00:00+00:00,0.5767636
2021-06-03 00:00:00+00:00,0.39624754
2021-06-04 00:00:00+00:00,0.33629203
2021-06-07 00:00:00+00:00,0.41003606
2021-06-08 00:00:00+00:00,0.37417182
2021-06-09 00:00:00+00:00,0.36981374
2021-06-10 00:00:00+00:00,0.29531264
2021-06-11 00:00:00+00:00,0.38602054
2021-06-14 00:00:00+00:00,0.50999576
2021-06-15 00:00:00+00:00,0.45137018
2021-06-16 00:00:00+00:00,0.25316855
2021-06-17 00:00:00+00:00,0.5788509
2021-06-18 00:00:00+00:00,0.3704199
2021-06-21 00:00:00+00:00,0.5664888
2021-06-22 00:00:00+00:00,0.33170995
2021-06-23 00:00:00+00:00,0.39890316
2021-06-24 00:00:00+00:00,0.38653365
2021-06-25 00:00:00+00:00,0.38816676
2021-06-28 00:00:00+00:00,0.3378413
2021-06-29 00:00:00+00:00,0.3236945
2021-06-30 00:00:00+00:00,0.32993585
2021-07-01 00:00:00+00:00,0.36942405
2021-07-02 00:00:00+00:00,0.2985511
2021-07-06 00:00:00+00:00,0.33108768
2021-07-07 00:00:00+00:00,0.4478122
2021-07-08 00:00:00+00:00,0.31118605
2021-07-09 00:00:00+00:00,0.45499066
2021-07-12 00:00:00+00:00,0.37305105
2021-07-13 00:00:00+00:00,0.45589745
2021-07-14 00:00:00+00:00,0.4146818
2021-07-15 00:00:00+00:00,0.41264448
2021-07-16 00:00:00+00:00,0.33480412
2021-07-19 00:00:00+00:00,0.39196327
2021-07-20 00:00:00+00:00,0.4993473
2021-07-21 00:00:00+00:00,0.36911437
2021-07-22 00:00:00+00:00,0.47842717
2021-07-23 00:00:00+00:00,0.39995646
2021-07-26 00:00:00+00:00,0.36858606
2021-07-27 00:00:00+00:00,0.34820592
2021-07-28 00:00:00+00:00,0.36925122
2021-07-29 00:00:00+00:00,0.30719945
2021-07-30 00:00:00+00:00,0.34072646
2021-08-02 00:00:00+00:00,0.3881615
2021-08-03 00:00:00+00:00,0.41239536
2021-08-04 00:00:00+00:00,0.530623
2021-08-05 00:00:00+00:00,0.39339083
2021-08-06 00:00:00+00:00,0.4264886
2021-08-09 00:00:00+00:00,0.5721037
2021-08-10 00:00:00+00:00,0.5156803
2021-08-11 00:00:00+00:00,0.43235496
2021-08-12 00:00:00+00:00,0.41686067
2021-08-13 00:00:00+00:00,0.34406567
2021-08-16 00:00:00+00:00,0.31228682
2021-08-17 00:00:00+00:00,0.22896737
2021-08-18 00:00:00+00:00,0.276802
2021-08-19 00:00:00+00:00,0.587564
2021-08-20 00:00:00+00:00,0.40818617
2021-08-23 00:00:00+00:00,0.4861883
2021-08-24 00:00:00+00:00,0.47662318
2021-08-25 00:00:00+00:00,0.4651457
2021-08-26 00:00:00+00:00,0.53879666
2021-08-27 00:00:00+00:00,0.44364977
2021-08-30 00:00:00+00:00,0.47897705
2021-08-31 00:00:00+00:00,0.658873
2021-09-01 00:00:00+00:00,0.53965944
2021-09-02 00:00:00+00:00,0.56789494
2021-09-03 00:00:00+00:00,0.4457511
2021-09-07 00:00:00+00:00,0.5907406
2021-09-08 00:00:00+00:00,0.5656604
2021-09-09 00:00:00+00:00,0.58256334
2021-09-10 00:00:00+00:00,0.54308325
2021-09-13 00:00:00+00:00,0.52637166
2021-09-14 00:00:00+00:00,0.6167459
2021-09-15 00:00:00+00:00,0.61300457
2021-09-16 00:00:00+00:00,0.48721203
2021-09-17 00:00:00+00:00,0.5531407
2021-09-20 00:00:00+00:00,0.31286985
2021-09-21 00:00:00+00:00,0.6456134
2021-09-22 00:00:00+00:00,0.5841669
2021-09-23 00:00:00+00:00,0.5920774
2021-09-24 00:00:00+00:00,0.5087745
2021-09-27 00:00:00+00:00,0.6000015
2021-09-28 00:00:00+00:00,0.5989185
2021-09-29 00:00:00+00:00,0.516888
2021-09-30 00:00:00+00:00,0.51779157
2021-10-01 00:00:00+00:00,0.48763356
2021-10-04 00:00:00+00:00,0.63107884
2021-10-05 00:00:00+00:00,0.56163836
2021-10-06 00:00:00+00:00,0.4740402
2021-10-07 00:00:00+00:00,0.4720004
2021-10-08 00:00:00+00:00,0.5889273
2021-10-11 00:00:00+00:00,0.46648893
2021-10-12 00:00:00+00:00,0.4353819
2021-10-13 00:00:00+00:00,0.4746132
2021-10-14 00:00:00+00:00,0.5031891
2021-10-15 00:00:00+00:00,0.48012403
2021-10-18 00:00:00+00:00,0.51802045
2021-10-19 00:00:00+00:00,0.5553774
2021-10-20 00:00:00+00:00,0.5689744
2021-10-21 00:00:00+00:00,0.48678464
2021-10-22 00:00:00+00:00,0.5021879
2021-10-25 00:00:00+00:00,0.45515338
2021-10-26 00:00:00+00:00,0.3750484
2021-10-27 00:00:00+00:00,0.36585587
2021-10-28 00:00:00+00:00,0.6410632
2021-10-29 00:00:00+00:00,0.5993135
2021-11-01 00:00:00+00:00,0.5095217
2021-11-02 00:00:00+00:00,0.57431185
2021-11-03 00:00:00+00:00,0.55002177
2021-11-04 00:00:00+00:00,0.63172203
2021-11-05 00:00:00+00:00,0.4808719
2021-11-08 00:00:00+00:00,0.5246706
2021-11-09 00:00:00+00:00,0.5588785
2021-11-10 00:00:00+00:00,0.42337352
2021-11-11 00:00:00+00:00,0.55583894
2021-11-12 00:00:00+00:00,0.49172235
2021-11-15 00:00:00+00:00,0.5233267
2021-11-16 00:00:00+00:00,0.5633406
2021-11-17 00:00:00+00:00,0.5591362
2021-11-18 00:00:00+00:00,0.520563
2021-11-19 00:00:00+00:00,0.3973517
2021-11-22 00:00:00+00:00,0.38867256
2021-11-23 00:00:00+00:00,0.30972314
2021-11-24 00:00:00+00:00,0.2095047
2021-11-26 00:00:00+00:00,0.23442046
2021-11-29 00:00:00+00:00,0.4083331
2021-11-30 00:00:00+00:00,0.27200803
2021-12-01 00:00:00+00:00,0.56298065
2021-12-02 00:00:00+00:00,0.5431038
2021-12-03 00:00:00+00:00,0.5754946
2021-12-06 00:00:00+00:00,0.5257697
2021-12-07 00:00:00+00:00,0.48653686
2021-12-08 00:00:00+00:00,0.3627274
2021-12-09 00:00:00+00:00,0.3354528
2021-12-10 00:00:00+00:00,0.43073866
2021-12-13 00:00:00+00:00,0.43044037
2021-12-14 00:00:00+00:00,0.3889433
2021-12-15 00:00:00+00:00,0.43560123
2021-12-16 00:00:00+00:00,0.46277115
2021-12-17 00:00:00+00:00,0.38449544
2021-12-20 00:00:00+00:00,0.2946141
2021-12-21 00:00:00+00:00,0.24174325
2021-12-22 00:00:00+00:00,0.39379764
2021-12-23 00:00:00+00:00,0.42504352
2021-12-27 00:00:00+00:00,0.5220467
2021-12-28 00:00:00+00:00,0.4945386
2021-12-29 00:00:00+00:00,0.49816367
2021-12-30 00:00:00+00:00,0.49974597
2021-12-31 00:00:00+00:00,0.6352998
2022-01-03 00:00:00+00:00,0.63123184
2022-01-04 00:00:00+00:00,0.6564713
2022-01-05 00:00:00+00:00,0.6482202
2022-01-06 00:00:00+00:00,0.54270965
2022-01-07 00:00:00+00:00,0.48904115
2022-01-10 00:00:00+00:00,0.4586868
2022-01-11 00:00:00+00:00,0.49705175
2022-01-12 00:00:00+00:00,0.43670234
2022-01-13 00:00:00+00:00,0.4914155
2022-01-14 00:00:00+00:00,0.5444461
2022-01-18 00:00:00+00:00,0.48651147
2022-01-19 00:00:00+00:00,0.5199278
2022-01-20 00:00:00+00:00,0.37135607
2022-01-21 00:00:00+00:00,0.63512677
2022-01-24 00:00:00+00:00,0.4905636
2022-01-25 00:00:00+00:00,0.4780117
2022-01-26 00:00:00+00:00,0.51966804
2022-01-27 00:00:00+00:00,0.59987295
2022-01-28 00:00:00+00:00,0.5577662
2022-01-31 00:00:00+00:00,0.5716299
2022-02-01 00:00:00+00:00,0.56851554
2022-02-02 00:00:00+00:00,0.53344125
2022-02-03 00:00:00+00:00,0.49858975
2022-02-04 00:00:00+00:00,0.51166326
2022-02-07 00:00:00+00:00,0.5669095
2022-02-08 00:00:00+00:00,0.5436437
2022-02-09 00:00:00+00:00,0.56537384
2022-02-10 00:00:00+00:00,0.5666546
2022-02-11 00:00:00+00:00,0.6404388
2022-02-14 00:00:00+00:00,0.49485117
2022-02-15 00:00:00+00:00,0.5822909
2022-02-16 00:00:00+00:00,0.444616
2022-02-17 00:00:00+00:00,0.55655295
2022-02-18 00:00:00+00:00,0.703611
2022-02-22 00:00:00+00:00,0.6193395
2022-02-23 00:00:00+00:00,0.57500595
2022-02-24 00:00:00+00:00,0.52084535
2022-02-25 00:00:00+00:00,0.52787125
2022-02-28 00:00:00+00:00,0.4218095
2022-03-01 00:00:00+00:00,0.60278064
2022-03-02 00:00:00+00:00,0.55081064
2022-03-03 00:00:00+00:00,0.5489324
2022-03-04 00:00:00+00:00,0.51573205
2022-03-07 00:00:00+00:00,0.5547223
2022-03-08 00:00:00+00:00,0.6084434
2022-03-09 00:00:00+00:00,0.55060935
2022-03-10 00:00:00+00:00,0.5876767
2022-03-11 00:00:00+00:00,0.5353716
2022-03-14 00:00:00+00:00,0.46782163
2022-03-15 00:00:00+00:00,0.5283143
2022-03-16 00:00:00+00:00,0.48069364
2022-03-17 00:00:00+00:00,0.34682104
2022-03-18 00:00:00+00:00,0.38492072
2022-03-21 00:00:00+00:00,0.2685846
2022-03-22 00:00:00+00:00,0.4915922
2022-03-23 00:00:00+00:00,0.47274956
2022-03-24 00:00:00+00:00,0.5935622
2022-03-25 00:00:00+00:00,0.6361674
2022-03-28 00:00:00+00:00,0.6131109
2022-03-29 00:00:00+00:00,0.5636818
2022-03-30 00:00:00+00:00,0.51238334
2022-03-31 00:00:00+00:00,0.5551415
2022-04-01 00:00:00+00:00,0.66568613
2022-04-04 00:00:00+00:00,0.55223596
2022-04-05 00:00:00+00:00,0.55918497
2022-04-06 00:00:00+00:00,0.61248994
2022-04-07 00:00:00+00:00,0.6113464
2022-04-08 00:00:00+00:00,0.55757236
2022-04-11 00:00:00+00:00,0.4238586
2022-04-12 00:00:00+00:00,0.62065613
2022-04-13 00:00:00+00:00,0.5315733
2022-04-14 00:00:00+00:00,0.385805
2022-04-18 00:00:00+00:00,0.49705157
2022-04-19 00:00:00+00:00,0.5020311
2022-04-20 00:00:00+00:00,0.49715006
2022-04-21 00:00:00+00:00,0.4181165
2022-04-22 00:00:00+00:00,0.45561236
2022-04-25 00:00:00+00:00,0.65635264
2022-04-26 00:00:00+00:00,0.46985036
2022-04-27 00:00:00+00:00,0.6451631
2022-04-28 00:00:00+00:00,0.6572842
2022-04-29 00:00:00+00:00,0.56876695
2022-05-02 00:00:00+00:00,0.6928701
2022-05-03 00:00:00+00:00,0.6113013
2022-05-04 00:00:00+00:00,0.5129283
2022-05-05 00:00:00+00:00,0.30797747
2022-05-06 00:00:00+00:00,0.61216444
2022-05-09 00:00:00+00:00,0.5387003
2022-05-10 00:00:00+00:00,0.49028713
2022-05-11 00:00:00+00:00,0.46089596
2022-05-12 00:00:00+00:00,0.5761694
2022-05-13 00:00:00+00:00,0.4693521
2022-05-16 00:00:00+00:00,0.41483822
2022-05-17 00:00:00+00:00,0.44319317
2022-05-18 00:00:00+00:00,0.52587646
2022-05-19 00:00:00+00:00,0.3057267
2022-05-20 00:00:00+00:00,0.51370335
2022-05-23 00:00:00+00:00,0.52551407
2022-05-24 00:00:00+00:00,0.58120966
2022-05-25 00:00:00+00:00,0.6018315
2022-05-26 00:00:00+00:00,0.4870783
2022-05-27 00:00:00+00:00,0.58092344
2022-05-31 00:00:00+00:00,0.38704333
2022-06-01 00:00:00+00:00,0.3438705
2022-06-02 00:00:00+00:00,0.34221846
2022-06-03 00:00:00+00:00,0.40752378
2022-06-06 00:00:00+00:00,0.4417437
2022-06-07 00:00:00+00:00,0.53138244
2022-06-08 00:00:00+00:00,0.38849658
2022-06-09 00:00:00+00:00,0.50435716
2022-06-10 00:00:00+00:00,0.6889124
2022-06-13 00:00:00+00:00,0.6052791
2022-06-14 00:00:00+00:00,0.59600526
2022-06-15 00:00:00+00:00,0.67127407
2022-06-16 00:00:00+00:00,0.54572725
2022-06-17 00:00:00+00:00,0.67785907
2022-06-21 00:00:00+00:00,0.6832782
2022-06-22 00:00:00+00:00,0.46527126
2022-06-23 00:00:00+00:00,0.33396506
2022-06-24 00:00:00+00:00,0.34922817
2022-06-27 00:00:00+00:00,0.3591847
2022-06-28 00:00:00+00:00,0.4958604
2022-06-29 00:00:00+00:00,0.72151893
2022-06-30 00:00:00+00:00,0.6267701
2022-07-01 00:00:00+00:00,0.72213465
2022-07-05 00:00:00+00:00,0.6817988
2022-07-06 00:00:00+00:00,0.51422954
2022-07-07 00:00:00+00:00,0.40039086
2022-07-08 00:00:00+00:00,0.36142465
2022-07-11 00:00:00+00:00,0.31557953
2022-07-12 00:00:00+00:00,0.5537411
2022-07-13 00:00:00+00:00,0.54500145
2022-07-14 00:00:00+00:00,0.45866024
2022-07-15 00:00:00+00:00,0.4669829
2022-07-18 00:00:00+00:00,0.43955296
2022-07-19 00:00:00+00:00,0.28521627
2022-07-20 00:00:00+00:00,0.37565926
2022-07-21 00:00:00+00:00,0.42998832
2022-07-22 00:00:00+00:00,0.41429913
2022-07-25 00:00:00+00:00,0.4130392
2022-07-26 00:00:00+00:00,0.45697188
2022-07-27 00:00:00+00:00,0.4915428
2022-07-28 00:00:00+00:00,0.44228244
2022-07-29 00:00:00+00:00,0.4432744
2022-08-01 00:00:00+00:00,0.41347238
2022-08-02 00:00:00+00:00,0.55048776
2022-08-03 00:00:00+00:00,0.5439175
2022-08-04 00:00:00+00:00,0.4238008
2022-08-05 00:00:00+00:00,0.5256041
2022-08-08 00:00:00+00:00,0.44985604
2022-08-09 00:00:00+00:00,0.46157527
2022-08-10 00:00:00+00:00,0.3742873
2022-08-11 00:00:00+00:00,0.36530915
2022-08-12 00:00:00+00:00,0.49084634
2022-08-15 00:00:00+00:00,0.49602604
2022-08-16 00:00:00+00:00,0.25261918
2022-08-17 00:00:00+00:00,0.25656566
2022-08-18 00:00:00+00:00,0.31717733
2022-08-19 00:00:00+00:00,0.32708684
2022-08-22 00:00:00+00:00,0.34694344
2022-08-23 00:00:00+00:00,0.5082259
2022-08-24 00:00:00+00:00,0.37511197
2022-08-25 00:00:00+00:00,0.42043424
2022-08-26 00:00:00+00:00,0.4957634
2022-08-29 00:00:00+00:00,0.48910007
2022-08-30 00:00:00+00:00,0.34258184
2022-08-31 00:00:00+00:00,0.3357682
2022-09-01 00:00:00+00:00,0.4542247
2022-09-02 00:00:00+00:00,0.39304563
2022-09-06 00:00:00+00:00,0.2741276
2022-09-07 00:00:00+00:00,0.38434684
2022-09-08 00:00:00+00:00,0.31330124
2022-09-09 00:00:00+00:00,0.22682022
2022-09-12 00:00:00+00:00,0.24169253
2022-09-13 00:00:00+00:00,0.22310856
2022-09-14 00:00:00+00:00,0.48762697
2022-09-15 00:00:00+00:00,0.3963818
2022-09-16 00:00:00+00:00,0.49369973
2022-09-19 00:00:00+00:00,0.4179259
2022-09-20 00:00:00+00:00,0.40266404
2022-09-21 00:00:00+00:00,0.40381774
2022-09-22 00:00:00+00:00,0.30542174
2022-09-23 00:00:00+00:00,0.44267023
2022-09-26 00:00:00+00:00,0.5684124
2022-09-27 00:00:00+00:00,0.7220111
2022-09-28 00:00:00+00:00,0.6634632
2022-09-29 00:00:00+00:00,0.6617658
2022-09-30 00:00:00+00:00,0.6015979
2022-10-03 00:00:00+00:00,0.6884538
2022-10-04 00:00:00+00:00,0.7621739
2022-10-05 00:00:00+00:00,0.48111397
2022-10-06 00:00:00+00:00,0.6391673
2022-10-07 00:00:00+00:00,0.76698184
2022-10-10 00:00:00+00:00,0.5182273
2022-10-11 00:00:00+00:00,0.5353351
2022-10-12 00:00:00+00:00,0.44096404
2022-10-13 00:00:00+00:00,0.56660336
2022-10-14 00:00:00+00:00,0.4555756
2022-10-17 00:00:00+00:00,0.55160594
2022-10-18 00:00:00+00:00,0.4860146
2022-10-19 00:00:00+00:00,0.47621417
2022-10-20 00:00:00+00:00,0.5648789
2022-10-21 00:00:00+00:00,0.5500575
2022-10-24 00:00:00+00:00,0.41225177
2022-10-25 00:00:00+00:00,0.3496416
2022-10-26 00:00:00+00:00,0.36811748
2022-10-27 00:00:00+00:00,0.33342168
2022-10-28 00:00:00+00:00,0.37388653
2022-10-31 00:00:00+00:00,0.24904835
2022-11-01 00:00:00+00:00,0.23194613
2022-11-02 00:00:00+00:00,0.19669011
2022-11-03 00:00:00+00:00,0.22877958
2022-11-04 00:00:00+00:00,0.20116231
2022-11-07 00:00:00+00:00,0.25014728
2022-11-08 00:00:00+00:00,0.61316884
2022-11-09 00:00:00+00:00,0.6126042
2022-11-10 00:00:00+00:00,0.51789457
2022-11-11 00:00:00+00:00,0.44684145
2022-11-14 00:00:00+00:00,0.51550007
2022-11-15 00:00:00+00:00,0.64373106
2022-11-16 00:00:00+00:00,0.51997095
2022-11-17 00:00:00+00:00,0.5387431
2022-11-18 00:00:00+00:00,0.5282765
2022-11-21 00:00:00+00:00,0.47431993
2022-11-22 00:00:00+00:00,0.5607907
2022-11-23 00:00:00+00:00,0.5063671
2022-11-25 00:00:00+00:00,0.4241114
2022-11-28 00:00:00+00:00,0.45401606
2022-11-29 00:00:00+00:00,0.5552338
2022-11-30 00:00:00+00:00,0.34290937
2022-12-01 00:00:00+00:00,0.44778118
2022-12-02 00:00:00+00:00,0.3864579
2022-12-05 00:00:00+00:00,0.4239803
2022-12-06 00:00:00+00:00,0.5075393
2022-12-07 00:00:00+00:00,0.55321646
2022-12-08 00:00:00+00:00,0.44192892
2022-12-09 00:00:00+00:00,0.5694399
2022-12-12 00:00:00+00:00,0.4423745
2022-12-13 00:00:00+00:00,0.56749773
2022-12-14 00:00:00+00:00,0.39069894
2022-12-15 00:00:00+00:00,0.48450258
2022-12-16 00:00:00+00:00,0.6505189
2022-12-19 00:00:00+00:00,0.50964606
2022-12-20 00:00:00+00:00,0.49914888
2022-12-21 00:00:00+00:00,0.48096645
2022-12-22 00:00:00+00:00,0.50966716
2022-12-23 00:00:00+00:00,0.6018725
2022-12-27 00:00:00+00:00,0.4244399
2022-12-28 00:00:00+00:00,0.39570713
2022-12-29 00:00:00+00:00,0.4479055
2022-12-30 00:00:00+00:00,0.4636665
2023-01-03 00:00:00+00:00,0.38005173
2023-01-04 00:00:00+00:00,0.56357276
2023-01-05 00:00:00+00:00,0.3874196
2023-01-06 00:00:00+00:00,0.6035382
2023-01-09 00:00:00+00:00,0.530802
2023-01-10 00:00:00+00:00,0.5127273
2023-01-11 00:00:00+00:00,0.43432432
2023-01-12 00:00:00+00:00,0.4570902
2023-01-13 00:00:00+00:00,0.28583294
2023-01-17 00:00:00+00:00,0.31010666
2023-01-18 00:00:00+00:00,0.4485712
2023-01-19 00:00:00+00:00,0.5891418
2023-01-20 00:00:00+00:00,0.2540177
2023-01-23 00:00:00+00:00,0.24842694
2023-01-24 00:00:00+00:00,0.2755551
2023-01-25 00:00:00+00:00,0.3857643
2023-01-26 00:00:00+00:00,0.23122892
2023-01-27 00:00:00+00:00,0.33102366
2023-01-30 00:00:00+00:00,0.3168856
2023-01-31 00:00:00+00:00,0.47708106
2023-02-01 00:00:00+00:00,0.269765
2023-02-02 00:00:00+00:00,0.31344602
2023-02-03 00:00:00+00:00,0.32897556
2023-02-06 00:00:00+00:00,0.523595
2023-02-07 00:00:00+00:00,0.5683641
2023-02-08 00:00:00+00:00,0.6029318
2023-02-09 00:00:00+00:00,0.6189964
2023-02-10 00:00:00+00:00,0.5041909
2023-02-13 00:00:00+00:00,0.5555555
2023-02-14 00:00:00+00:00,0.5510777
2023-02-15 00:00:00+00:00,0.4759953
2023-02-16 00:00:00+00:00,0.52223355
2023-02-17 00:00:00+00:00,0.5891316
2023-02-21 00:00:00+00:00,0.5625484
2023-02-22 00:00:00+00:00,0.5578503
2023-02-23 00:00:00+00:00,0.5164064
2023-02-24 00:00:00+00:00,0.5230199
2023-02-27 00:00:00+00:00,0.66465795
2023-02-28 00:00:00+00:00,0.5856174
2023-03-01 00:00:00+00:00,0.61189747
2023-03-02 00:00:00+00:00,0.69139594
2023-03-03 00:00:00+00:00,0.6554144
2023-03-06 00:00:00+00:00,0.6055987
2023-03-07 00:00:00+00:00,0.5430248
2023-03-08 00:00:00+00:00,0.50438386
2023-03-09 00:00:00+00:00,0.54909116
2023-03-10 00:00:00+00:00,0.38445795
2023-03-13 00:00:00+00:00,0.47593904
2023-03-14 00:00:00+00:00,0.5533674
2023-03-15 00:00:00+00:00,0.23947342
2023-03-16 00:00:00+00:00,0.37267816
2023-03-17 00:00:00+00:00,0.20288272
2023-03-20 00:00:00+00:00,0.4187408
2023-03-21 00:00:00+00:00,0.23511216
2023-03-22 00:00:00+00:00,0.27102467
2023-03-23 00:00:00+00:00,0.36969405
2023-03-24 00:00:00+00:00,0.3435324
2023-03-27 00:00:00+00:00,0.42412958
2023-03-28 00:00:00+00:00,0.35079667
2023-03-29 00:00:00+00:00,0.2762543
2023-03-30 00:00:00+00:00,0.21900655
2023-03-31 00:00:00+00:00,0.3139661
2023-04-03 00:00:00+00:00,0.23580924
2023-04-04 00:00:00+00:00,0.49587926
2023-04-05 00:00:00+00:00,0.5657051
2023-04-06 00:00:00+00:00,0.52966297
2023-04-10 00:00:00+00:00,0.6284382
2023-04-11 00:00:00+00:00,0.48010018
2023-04-12 00:00:00+00:00,0.5828956
2023-04-13 00:00:00+00:00,0.5271797
2023-04-14 00:00:00+00:00,0.41612643
2023-04-17 00:00:00+00:00,0.5515112
2023-04-18 00:00:00+00:00,0.46482915
2023-04-19 00:00:00+00:00,0.5387168
2023-04-20 00:00:00+00:00,0.58262116
2023-04-21 00:00:00+00:00,0.52249837
2023-04-24 00:00:00+00:00,0.48479378
2023-04-25 00:00:00+00:00,0.52273184
2023-04-26 00:00:00+00:00,0.5206004
2023-04-27 00:00:00+00:00,0.519236
2023-04-28 00:00:00+00:00,0.554978
2023-05-01 00:00:00+00:00,0.56173563
2023-05-02 00:00:00+00:00,0.47677076
2023-05-03 00:00:00+00:00,0.5632062
2023-05-04 00:00:00+00:00,0.62300706
2023-05-05 00:00:00+00:00,0.62424713
2023-05-08 00:00:00+00:00,0.4534769
2023-05-09 00:00:00+00:00,0.66017795
2023-05-10 00:00:00+00:00,0.49634877
2023-05-11 00:00:00+00:00,0.47674394
2023-05-12 00:00:00+00:00,0.5273429
2023-05-15 00:00:00+00:00,0.626222
2023-05-16 00:00:00+00:00,0.6131457
2023-05-17 00:00:00+00:00,0.50089204
2023-05-18 00:00:00+00:00,0.47341585
2023-05-19 00:00:00+00:00,0.5215331
2023-05-22 00:00:00+00:00,0.46349424
2023-05-23 00:00:00+00:00,0.5797738
2023-05-24 00:00:00+00:00,0.5331227
2023-05-25 00:00:00+00:00,0.42092222
2023-05-26 00:00:00+00:00,0.3579762
2023-05-30 00:00:00+00:00,0.4815196
2023-05-31 00:00:00+00:00,0.41631007
2023-06-01 00:00:00+00:00,0.28720874
2023-06-02 00:00:00+00:00,0.34665164
2023-06-05 00:00:00+00:00,0.35354292
2023-06-06 00:00:00+00:00,0.48572204
2023-06-07 00:00:00+00:00,0.25432172
2023-06-08 00:00:00+00:00,0.45928186
2023-06-09 00:00:00+00:00,0.24586913
2023-06-12 00:00:00+00:00,0.4271402
2023-06-13 00:00:00+00:00,0.46514493
2023-06-14 00:00:00+00:00,0.5119915
2023-06-15 00:00:00+00:00,0.4361253
2023-06-16 00:00:00+00:00,0.37963948
2023-06-20 00:00:00+00:00,0.43371722
2023-06-21 00:00:00+00:00,0.35532433
2023-06-22 00:00:00+00:00,0.49912855
2023-06-23 00:00:00+00:00,0.53677106
2023-06-26 00:00:00+00:00,0.45974144
2023-06-27 00:00:00+00:00,0.32519153
2023-06-28 00:00:00+00:00,0.46386838
2023-06-29 00:00:00+00:00,0.48344108
2023-06-30 00:00:00+00:00,0.39168522
2023-07-03 00:00:00+00:00,0.4133818
2023-07-05 00:00:00+00:00,0.4103273
2023-07-06 00:00:00+00:00,0.39160806
2023-07-07 00:00:00+00:00,0.39100417
2023-07-10 00:00:00+00:00,0.3171816
2023-07-11 00:00:00+00:00,0.46996257
2023-07-12 00:00:00+00:00,0.3972744
2023-07-13 00:00:00+00:00,0.31791362
2023-07-14 00:00:00+00:00,0.44895574
2023-07-17 00:00:00+00:00,0.31014472
2023-07-18 00:00:00+00:00,0.44691163
2023-07-19 00:00:00+00:00,0.30582377
2023-07-20 00:00:00+00:00,0.34686223
2023-07-21 00:00:00+00:00,0.30099696
2023-07-24 00:00:00+00:00,0.24092412
2023-07-25 00:00:00+00:00,0.17491153
2023-07-26 00:00:00+00:00,0.26408276
2023-07-27 00:00:00+00:00,0.23640765
2023-07-28 00:00:00+00:00,0.20148352
2023-07-31 00:00:00+00:00,0.3593314
2023-08-01 00:00:00+00:00,0.3437629
2023-08-02 00:00:00+00:00,0.47772053
2023-08-03 00:00:00+00:00,0.44525453
2023-08-04 00:00:00+00:00,0.5624774
2023-08-07 00:00:00+00:00,0.25381616
2023-08-08 00:00:00+00:00,0.3377739
2023-08-09 00:00:00+00:00,0.48667946
2023-08-10 00:00:00+00:00,0.5371606
2023-08-11 00:00:00+00:00,0.5023866
2023-08-14 00:00:00+00:00,0.43445814
2023-08-15 00:00:00+00:00,0.43712574
2023-08-16 00:00:00+00:00,0.4605239
2023-08-17 00:00:00+00:00,0.2700855
2023-08-18 00:00:00+00:00,0.27380827
2023-08-21 00:00:00+00:00,0.36183858
2023-08-22 00:00:00+00:00,0.52729905
2023-08-23 00:00:00+00:00,0.44219387
2023-08-24 00:00:00+00:00,0.4063996
2023-08-25 00:00:00+00:00,0.4686722
2023-08-28 00:00:00+00:00,0.5876863
2023-08-29 00:00:00+00:00,0.70121
2023-08-30 00:00:00+00:00,0.65221286
2023-08-31 00:00:00+00:00,0.5497411
2023-09-01 00:00:00+00:00,0.3018946
2023-09-05 00:00:00+00:00,0.45623758
2023-09-06 00:00:00+00:00,0.50487185
2023-09-07 00:00:00+00:00,0.40738449
2023-09-08 00:00:00+00:00,0.5817657
2023-09-11 00:00:00+00:00,0.37468424
2023-09-12 00:00:00+00:00,0.36573583
2023-09-13 00:00:00+00:00,0.5520115
2023-09-14 00:00:00+00:00,0.6343053
2023-09-15 00:00:00+00:00,0.55269843
2023-09-18 00:00:00+00:00,0.31144962
2023-09-19 00:00:00+00:00,0.5562007
2023-09-20 00:00:00+00:00,0.5650586
2023-09-21 00:00:00+00:00,0.57482773
2023-09-22 00:00:00+00:00,0.5531023
2023-09-25 00:00:00+00:00,0.6225553
2023-09-26 00:00:00+00:00,0.58826315
2023-09-27 00:00:00+00:00,0.56096137
2023-09-28 00:00:00+00:00,0.55597067
2023-09-29 00:00:00+00:00,0.5500734
2023-10-02 00:00:00+00:00,0.6396149
2023-10-03 00:00:00+00:00,0.6010162
2023-10-04 00:00:00+00:00,0.5951645
2023-10-05 00:00:00+00:00,0.39218497
2023-10-06 00:00:00+00:00,0.4812147
2023-10-09 00:00:00+00:00,0.45641643
2023-10-10 00:00:00+00:00,0.53727055
2023-10-11 00:00:00+00:00,0.43477553
2023-10-12 00:00:00+00:00,0.52760386
2023-10-13 00:00:00+00:00,0.61648595
2023-10-16 00:00:00+00:00,0.45081672
2023-10-17 00:00:00+00:00,0.21700846
2023-10-18 00:00:00+00:00,0.43877319
2023-10-19 00:00:00+00:00,0.34945711
2023-10-20 00:00:00+00:00,0.26376623
2023-10-23 00:00:00+00:00,0.36215633
2023-10-24 00:00:00+00:00,0.40089387
2023-10-25 00:00:00+00:00,0.35183042
2023-10-26 00:00:00+00:00,0.4901309
2023-10-27 00:00:00+00:00,0.45844117
2023-10-30 00:00:00+00:00,0.35085875
2023-10-31 00:00:00+00:00,0.3620008
2023-11-01 00:00:00+00:00,0.35703224
2023-11-02 00:00:00+00:00,0.33097246
2023-11-03 00:00:00+00:00,0.33919126
2023-11-06 00:00:00+00:00,0.2688424
2023-11-07 00:00:00+00:00,0.2494629
2023-11-08 00:00:00+00:00,0.23316635
2023-11-09 00:00:00+00:00,0.16705686
2023-11-10 00:00:00+00:00,0.37261903
2023-11-13 00:00:00+00:00,0.5207883
2023-11-14 00:00:00+00:00,0.51886094
2023-11-15 00:00:00+00:00,0.62215936
2023-11-16 00:00:00+00:00,0.5243376
2023-11-17 00:00:00+00:00,0.49254906
2023-11-20 00:00:00+00:00,0.5413217
2023-11-21 00:00:00+00:00,0.47102857
2023-11-22 00:00:00+00:00,0.49156743
2023-11-24 00:00:00+00:00,0.49998242
2023-11-27 00:00:00+00:00,0.46490428
2023-11-28 00:00:00+00:00,0.5086595
2023-11-29 00:00:00+00:00,0.48029536
2023-11-30 00:00:00+00:00,0.54985267
2023-12-01 00:00:00+00:00,0.4659673
2023-12-04 00:00:00+00:00,0.56420976
2023-12-05 00:00:00+00:00,0.5495998
2023-12-06 00:00:00+00:00,0.6238478
2023-12-07 00:00:00+00:00,0.41828597
2023-12-08 00:00:00+00:00,0.28023168
2023-12-11 00:00:00+00:00,0.28273332
2023-12-12 00:00:00+00:00,0.29607412
2023-12-13 00:00:00+00:00,0.4626418
2023-12-14 00:00:00+00:00,0.22548921
2023-12-15 00:00:00+00:00,0.18239339
2023-12-18 00:00:00+00:00,0.18337764
2023-12-19 00:00:00+00:00,0.17426339
2023-12-20 00:00:00+00:00,0.25043297
2023-12-21 00:00:00+00:00,0.23917192
2023-12-22 00:00:00+00:00,0.22520839
2023-12-26 00:00:00+00:00,0.30747172
2023-12-27 00:00:00+00:00,0.3055667
2023-12-28 00:00:00+00:00,0.3406611
2023-12-29 00:00:00+00:00,0.33933586
2024-01-02 00:00:00+00:00,0.27013054
2024-01-03 00:00:00+00:00,0.26208952
2024-01-04 00:00:00+00:00,0.2560582
2024-01-05 00:00:00+00:00,0.3292442
2024-01-08 00:00:00+00:00,0.3107732
2024-01-09 00:00:00+00:00,0.30411497
2024-01-10 00:00:00+00:00,0.43203542
2024-01-11 00:00:00+00:00,0.2911935
2024-01-12 00:00:00+00:00,0.34906033
2024-01-16 00:00:00+00:00,0.3368771
2024-01-17 00:00:00+00:00,0.3345915
2024-01-18 00:00:00+00:00,0.28965732
2024-01-19 00:00:00+00:00,0.35489422
2024-01-22 00:00:00+00:00,0.43452764
2024-01-23 00:00:00+00:00,0.47732008
2024-01-24 00:00:00+00:00,0.53855646
2024-01-25 00:00:00+00:00,0.5587436
2024-01-26 00:00:00+00:00,0.6020612
2024-01-29 00:00:00+00:00,0.51512355
2024-01-30 00:00:00+00:00,0.70718926
2024-01-31 00:00:00+00:00,0.65345275
2024-02-01 00:00:00+00:00,0.57849693
2024-02-02 00:00:00+00:00,0.5158232
2024-02-05 00:00:00+00:00,0.6149606
2024-02-06 00:00:00+00:00,0.5374089
2024-02-07 00:00:00+00:00,0.5958731
2024-02-08 00:00:00+00:00,0.6224431
2024-02-09 00:00:00+00:00,0.68365616
2024-02-12 00:00:00+00:00,0.60002553
2024-02-13 00:00:00+00:00,0.60393125
2024-02-14 00:00:00+00:00,0.5956218
2024-02-15 00:00:00+00:00,0.5772477
2024-02-16 00:00:00+00:00,0.5878093
2024-02-20 00:00:00+00:00,0.49990097
2024-02-21 00:00:00+00:00,0.5467158
2024-02-22 00:00:00+00:00,0.6155928
2024-02-23 00:00:00+00:00,0.61240494
2024-02-26 00:00:00+00:00,0.5889848
2024-02-27 00:00:00+00:00,0.5983961
2024-02-28 00:00:00+00:00,0.5258053
2024-02-29 00:00:00+00:00,0.66164744
2024-03-01 00:00:00+00:00,0.5187264
2024-03-04 00:00:00+00:00,0.6004438
2024-03-05 00:00:00+00:00,0.6356612
2024-03-06 00:00:00+00:00,0.5148804
2024-03-07 00:00:00+00:00,0.49768913
2024-03-08 00:00:00+00:00,0.6046985
2024-03-11 00:00:00+00:00,0.6000822
2024-03-12 00:00:00+00:00,0.6036965
2024-03-13 00:00:00+00:00,0.6087208
2024-03-14 00:00:00+00:00,0.5038199
2024-03-15 00:00:00+00:00,0.5873478
2024-03-18 00:00:00+00:00,0.43115658
2024-03-19 00:00:00+00:00,0.3937297
2024-03-20 00:00:00+00:00,0.48970526
2024-03-21 00:00:00+00:00,0.57500565
2024-03-22 00:00:00+00:00,0.48032913
2024-03-25 00:00:00+00:00,0.45732075
2024-03-26 00:00:00+00:00,0.5469199
2024-03-27 00:00:00+00:00,0.57175136
2024-03-28 00:00:00+00:00,0.4832231
2024-04-01 00:00:00+00:00,0.48656836
2024-04-02 00:00:00+00:00,0.38403922
2024-04-03 00:00:00+00:00,0.3467382
2024-04-04 00:00:00+00:00,0.46972245
2024-04-05 00:00:00+00:00,0.5100859
2024-04-08 00:00:00+00:00,0.5807911
2024-04-09 00:00:00+00:00,0.5731618
2024-04-10 00:00:00+00:00,0.48467132
2024-04-11 00:00:00+00:00,0.44751817
2024-04-12 00:00:00+00:00,0.54787433
2024-04-15 00:00:00+00:00,0.45846292
2024-04-16 00:00:00+00:00,0.34450898
2024-04-17 00:00:00+00:00,0.22154233
2024-04-18 00:00:00+00:00,0.2809153
2024-04-19 00:00:00+00:00,0.34560308
2024-04-22 00:00:00+00:00,0.3550865
2024-04-23 00:00:00+00:00,0.34922412
2024-04-24 00:00:00+00:00,0.4624444
2024-04-25 00:00:00+00:00,0.4444413
2024-04-26 00:00:00+00:00,0.18124886
2024-04-29 00:00:00+00:00,0.29976118
2024-04-30 00:00:00+00:00,0.4094124
2024-05-01 00:00:00+00:00,0.22632399
2024-05-02 00:00:00+00:00,0.38601756
2024-05-03 00:00:00+00:00,0.45557624
2024-05-06 00:00:00+00:00,0.27863932
2024-05-07 00:00:00+00:00,0.63940865
2024-05-08 00:00:00+00:00,0.54371536
2024-05-09 00:00:00+00:00,0.64448273
2024-05-10 00:00:00+00:00,0.4067881
2024-05-13 00:00:00+00:00,0.6085663
2024-05-14 00:00:00+00:00,0.51532036
2024-05-15 00:00:00+00:00,0.51726353
2024-05-16 00:00:00+00:00,0.49522692
2024-05-17 00:00:00+00:00,0.6522059
2024-05-20 00:00:00+00:00,0.50935745
2024-05-21 00:00:00+00:00,0.5645839
2024-05-22 00:00:00+00:00,0.45800295
2024-05-23 00:00:00+00:00,0.58704615
2024-05-24 00:00:00+00:00,0.582095
2024-05-28 00:00:00+00:00,0.44608146
2024-05-29 00:00:00+00:00,0.48462316
2024-05-30 00:00:00+00:00,0.51903576
2024-05-31 00:00:00+00:00,0.63013774
2024-06-03 00:00:00+00:00,0.38974452
2024-06-04 00:00:00+00:00,0.5312388
2024-06-05 00:00:00+00:00,0.4924655
2024-06-06 00:00:00+00:00,0.40861022
2024-06-07 00:00:00+00:00,0.61481553
2024-06-10 00:00:00+00:00,0.45192412
2024-06-11 00:00:00+00:00,0.45197427
2024-06-12 00:00:00+00:00,0.69247425
2024-06-13 00:00:00+00:00,0.3026009
2024-06-14 00:00:00+00:00,0.4934614
2024-06-17 00:00:00+00:00,0.51021624
2024-06-18 00:00:00+00:00,0.64208823
2024-06-20 00:00:00+00:00,0.61081374
2024-06-21 00:00:00+00:00,0.3784892
2024-06-24 00:00:00+00:00,0.4270094
2024-06-25 00:00:00+00:00,0.46125233
2024-06-26 00:00:00+00:00,0.28424776
2024-06-27 00:00:00+00:00,0.323221
2024-06-28 00:00:00+00:00,0.34703356
2024-07-01 00:00:00+00:00,0.4144321
2024-07-02 00:00:00+00:00,0.36921
2024-07-03 00:00:00+00:00,0.28126603
2024-07-05 00:00:00+00:00,0.38728115
2024-07-08 00:00:00+00:00,0.38335502
2024-07-09 00:00:00+00:00,0.39541683
2024-07-10 00:00:00+00:00,0.40619758
2024-07-11 00:00:00+00:00,0.41536966
2024-07-12 00:00:00+00:00,0.35909823
2024-07-15 00:00:00+00:00,0.40560457
2024-07-16 00:00:00+00:00,0.526179
2024-07-17 00:00:00+00:00,0.54290473
2024-07-18 00:00:00+00:00,0.5113318
2024-07-19 00:00:00+00:00,0.49806488
2024-07-22 00:00:00+00:00,0.3716156
2024-07-23 00:00:00+00:00,0.434703
2024-07-24 00:00:00+00:00,0.5662238
2024-07-25 00:00:00+00:00,0.32232475
2024-07-26 00:00:00+00:00,0.38997903
2024-07-29 00:00:00+00:00,0.49535114
2024-07-30 00:00:00+00:00,0.5161655
2024-07-31 00:00:00+00:00,0.41055584
2024-08-01 00:00:00+00:00,0.50508285
2024-08-02 00:00:00+00:00,0.4678763
2024-08-05 00:00:00+00:00,0.48773268
2024-08-06 00:00:00+00:00,0.4479071
2024-08-07 00:00:00+00:00,0.59135544
2024-08-08 00:00:00+00:00,0.53633827
2024-08-09 00:00:00+00:00,0.64876944
2024-08-12 00:00:00+00:00,0.5360853
2024-08-13 00:00:00+00:00,0.48549017
2024-08-14 00:00:00+00:00,0.66769856
2024-08-15 00:00:00+00:00,0.6618322
2024-08-16 00:00:00+00:00,0.5131959
2024-08-19 00:00:00+00:00,0.41048157
2024-08-20 00:00:00+00:00,0.5338331
2024-08-21 00:00:00+00:00,0.39874995
2024-08-22 00:00:00+00:00,0.49472544
2024-08-23 00:00:00+00:00,0.4366426
2024-08-26 00:00:00+00:00,0.6639168
2024-08-27 00:00:00+00:00,0.6837164
2024-08-28 00:00:00+00:00,0.6932383
2024-08-29 00:00:00+00:00,0.3853528
2024-08-30 00:00:00+00:00,0.6747318
2024-09-03 00:00:00+00:00,0.5561464
2024-09-04 00:00:00+00:00,0.51094395
2024-09-05 00:00:00+00:00,0.6029741
2024-09-06 00:00:00+00:00,0.6086394
2024-09-09 00:00:00+00:00,0.34788528
2024-09-10 00:00:00+00:00,0.70844704
2024-09-11 00:00:00+00:00,0.59623486
2024-09-12 00:00:00+00:00,0.63603765
2024-09-13 00:00:00+00:00,0.5627121
2024-09-16 00:00:00+00:00,0.58055025
2024-09-17 00:00:00+00:00,0.4039721
2024-09-18 00:00:00+00:00,0.47291496
2024-09-19 00:00:00+00:00,0.4852787
2024-09-20 00:00:00+00:00,0.5968943
2024-09-23 00:00:00+00:00,0.5180896
2024-09-24 00:00:00+00:00,0.5445521
2024-09-25 00:00:00+00:00,0.4862703
2024-09-26 00:00:00+00:00,0.56205183
2024-09-27 00:00:00+00:00,0.77354085
2024-09-30 00:00:00+00:00,0.3921473
2024-10-01 00:00:00+00:00,0.70991045
2024-10-02 00:00:00+00:00,0.25804496
2024-10-03 00:00:00+00:00,0.70821434
2024-10-04 00:00:00+00:00,0.5060978
2024-10-07 00:00:00+00:00,0.7078757
2024-10-08 00:00:00+00:00,0.25935605
2024-10-09 00:00:00+00:00,0.6216805
2024-10-10 00:00:00+00:00,0.55224526
2024-10-11 00:00:00+00:00,0.5780866
2024-10-14 00:00:00+00:00,0.6649039
2024-10-15 00:00:00+00:00,0.6137236
2024-10-16 00:00:00+00:00,0.4352389
2024-10-17 00:00:00+00:00,0.47217956
2024-10-18 00:00:00+00:00,0.5911729
2024-10-21 00:00:00+00:00,0.5158914
2024-10-22 00:00:00+00:00,0.5256767
2024-10-23 00:00:00+00:00,0.5058403
2024-10-24 00:00:00+00:00,0.26907486
2024-10-25 00:00:00+00:00,0.4585834
2024-10-28 00:00:00+00:00,0.28883168
2024-10-29 00:00:00+00:00,0.39863828
2024-10-30 00:00:00+00:00,0.46182805
2024-10-31 00:00:00+00:00,0.3657791
2024-11-01 00:00:00+00:00,0.27108884
2024-11-04 00:00:00+00:00,0.5093915
2024-11-05 00:00:00+00:00,0.7216203
2024-11-06 00:00:00+00:00,0.67486054
2024-11-07 00:00:00+00:00,0.4667777
2024-11-08 00:00:00+00:00,0.3635098
2024-11-11 00:00:00+00:00,0.27328244
2024-11-12 00:00:00+00:00,0.32784048
2024-11-13 00:00:00+00:00,0.4111529
2024-11-14 00:00:00+00:00,0.40358645
2024-11-15 00:00:00+00:00,0.44857508
2024-11-18 00:00:00+00:00,0.42265734
2024-11-19 00:00:00+00:00,0.4800972
2024-11-20 00:00:00+00:00,0.4039366
2024-11-21 00:00:00+00:00,0.37630913
2024-11-22 00:00:00+00:00,0.3740788
2024-11-25 00:00:00+00:00,0.41173282
2024-11-26 00:00:00+00:00,0.41421157
2024-11-27 00:00:00+00:00,0.35118544
2024-11-29 00:00:00+00:00,0.38330048
2024-12-02 00:00:00+00:00,0.35626936
2024-12-03 00:00:00+00:00,0.47810727
2024-12-04 00:00:00+00:00,0.49523556
2024-12-05 00:00:00+00:00,0.52906585
2024-12-06 00:00:00+00:00,0.41432035
2024-12-09 00:00:00+00:00,0.62521964
2024-12-10 00:00:00+00:00,0.52142864
2024-12-11 00:00:00+00:00,0.63930696
2024-12-12 00:00:00+00:00,0.5461212
2024-12-13 00:00:00+00:00,0.6224665
2024-12-16 00:00:00+00:00,0.5414747
2024-12-17 00:00:00+00:00,0.5459397
2024-12-18 00:00:00+00:00,0.5111241
2024-12-19 00:00:00+00:00,0.35633108
2024-12-20 00:00:00+00:00,0.5358867
2024-12-23 00:00:00+00:00,0.5499225
2024-12-24 00:00:00+00:00,0.6177387
2024-12-26 00:00:00+00:00,0.6156472
2024-12-27 00:00:00+00:00,0.5148856
2024-12-30 00:00:00+00:00,0.38720036
2024-12-31 00:00:00+00:00,0.5516729
2025-01-02 00:00:00+00:00,0.7270936
2025-01-03 00:00:00+00:00,0.50110286
2025-01-06 00:00:00+00:00,0.5680019
2025-01-07 00:00:00+00:00,0.49536663
2025-01-08 00:00:00+00:00,0.58770907
2025-01-10 00:00:00+00:00,0.6039963
2025-01-13 00:00:00+00:00,0.4963442
2025-01-14 00:00:00+00:00,0.6383801
2025-01-15 00:00:00+00:00,0.62785554
2025-01-16 00:00:00+00:00,0.62802076
2025-01-17 00:00:00+00:00,0.49499717
2025-01-21 00:00:00+00:00,0.5793516
2025-01-22 00:00:00+00:00,0.5530393
2025-01-23 00:00:00+00:00,0.62751323
2025-01-24 00:00:00+00:00,0.61311376
2025-01-27 00:00:00+00:00,0.5297829
2025-01-28 00:00:00+00:00,0.43381518
2025-01-29 00:00:00+00:00,0.530062
2025-01-30 00:00:00+00:00,0.42507806
2025-01-31 00:00:00+00:00,0.33548617
2025-02-03 00:00:00+00:00,0.40614656
2025-02-04 00:00:00+00:00,0.36481822
2025-02-05 00:00:00+00:00,0.47993702
2025-02-06 00:00:00+00:00,0.5901473
2025-02-07 00:00:00+00:00,0.4099862
2025-02-10 00:00:00+00:00,0.43648472
2025-02-11 00:00:00+00:00,0.4379906
2025-02-12 00:00:00+00:00,0.59026545
2025-02-13 00:00:00+00:00,0.36576077
2025-02-14 00:00:00+00:00,0.5484599
2025-02-18 00:00:00+00:00,0.3311448
2025-02-19 00:00:00+00:00,0.39060777
2025-02-20 00:00:00+00:00,0.4494064
2025-02-21 00:00:00+00:00,0.3948952
2025-02-24 00:00:00+00:00,0.34428817
2025-02-25 00:00:00+00:00,0.39218557
2025-02-26 00:00:00+00:00,0.37326458
2025-02-27 00:00:00+00:00,0.35766143
2025-02-28 00:00:00+00:00,0.38367286
2025-03-03 00:00:00+00:00,0.44904482
2025-03-04 00:00:00+00:00,0.46620098
2025-03-05 00:00:00+00:00,0.63224226
2025-03-06 00:00:00+00:00,0.5917482
2025-03-07 00:00:00+00:00,0.73036855
2025-03-10 00:00:00+00:00,0.57509136
2025-03-11 00:00:00+00:00,0.68733495
2025-03-12 00:00:00+00:00,0.69581735
2025-03-13 00:00:00+00:00,0.6950746
2025-03-14 00:00:00+00:00,0.68626875
2025-03-17 00:00:00+00:00,0.7785013
2025-03-18 00:00:00+00:00,0.8381599
2025-03-19 00:00:00+00:00,0.7643996
2025-03-20 00:00:00+00:00,0.7677556
2025-03-21 00:00:00+00:00,0.74028045
2025-03-24 00:00:00+00:00,0.64178073
2025-03-25 00:00:00+00:00,0.7049255
2025-03-26 00:00:00+00:00,0.7314902
2025-03-27 00:00:00+00:00,0.7486365
2025-03-28 00:00:00+00:00,0.7504576
2025-03-31 00:00:00+00:00,0.7579196
2025-04-01 00:00:00+00:00,0.7373536
2025-04-02 00:00:00+00:00,0.71285766
2025-04-03 00:00:00+00:00,0.77181804
2025-04-04 00:00:00+00:00,0.5798425
2025-04-07 00:00:00+00:00,0.52982736
2025-04-08 00:00:00+00:00,0.5207727
2025-04-09 00:00:00+00:00,0.58733416
2025-04-10 00:00:00+00:00,0.5679167
2025-04-11 00:00:00+00:00,0.55392015
2025-04-14 00:00:00+00:00,0.6338316
2025-04-15 00:00:00+00:00,0.66280466
2025-04-16 00:00:00+00:00,0.66459423
2025-04-17 00:00:00+00:00,0.59231114
2025-04-21 00:00:00+00:00,0.63451236
2025-04-22 00:00:00+00:00,0.5200805
2025-04-23 00:00:00+00:00,0.6208907
2025-04-24 00:00:00+00:00,0.56354105
2025-04-25 00:00:00+00:00,0.4970605
2025-04-28 00:00:00+00:00,0.55387926
2025-04-29 00:00:00+00:00,0.7240224
2025-04-30 00:00:00+00:00,0.61364985
2025-05-01 00:00:00+00:00,0.5400663
2025-05-02 00:00:00+00:00,0.43448997
2025-05-05 00:00:00+00:00,0.31975803
2025-05-06 00:00:00+00:00,0.33086613
2025-05-07 00:00:00+00:00,0.54098606
2025-05-08 00:00:00+00:00,0.4501642
2025-05-09 00:00:00+00:00,0.48597798
2025-05-12 00:00:00+00:00,0.5195258
2025-05-13 00:00:00+00:00,0.38594562
2025-05-14 00:00:00+00:00,0.54062855
2025-05-15 00:00:00+00:00,0.61643195
2025-05-16 00:00:00+00:00,0.5026471
2025-05-19 00:00:00+00:00,0.43185735
2025-05-20 00:00:00+00:00,0.6330078
2025-05-21 00:00:00+00:00,0.59827423
2025-05-22 00:00:00+00:00,0.5508388
2025-05-23 00:00:00+00:00,0.43478513
2025-05-27 00:00:00+00:00,0.5903353
2025-05-28 00:00:00+00:00,0.56991893
2025-05-29 00:00:00+00:00,0.67008007
2025-05-30 00:00:00+00:00,0.5086902
2025-06-02 00:00:00+00:00,0.5289508
2025-06-03 00:00:00+00:00,0.6244661
2025-06-04 00:00:00+00:00,0.6050379
2025-06-05 00:00:00+00:00,0.5843149
2025-06-06 00:00:00+00:00,0.65080404
2025-06-09 00:00:00+00:00,0.49390647
2025-06-10 00:00:00+00:00,0.5209552
2025-06-11 00:00:00+00:00,0.5863622
2025-06-12 00:00:00+00:00,0.632438
2025-06-13 00:00:00+00:00,0.50459677
2025-06-16 00:00:00+00:00,0.51251733
2025-06-17 00:00:00+00:00,0.5545541
2025-06-18 00:00:00+00:00,0.66258234
2025-06-20 00:00:00+00:00,0.71710706
2025-06-23 00:00:00+00:00,0.73501915
2025-06-24 00:00:00+00:00,0.7184901
2025-06-25 00:00:00+00:00,0.6800318
2025-06-26 00:00:00+00:00,0.6679022
2025-06-27 00:00:00+00:00,0.68629515
2025-06-30 00:00:00+00:00,0.5878875
2025-07-01 00:00:00+00:00,0.53950346
2025-07-02 00:00:00+00:00,0.5044741
2025-07-03 00:00:00+00:00,0.44894594
2025-07-07 00:00:00+00:00,0.37563658
2025-07-08 00:00:00+00:00,0.3861807
2025-07-09 00:00:00+00:00,0.37497193
2025-07-10 00:00:00+00:00,0.5173883
2025-07-11 00:00:00+00:00,0.47836274
2025-07-14 00:00:00+00:00,0.38482726
2025-07-15 00:00:00+00:00,0.48629308
2025-07-16 00:00:00+00:00,0.55774134
2025-07-17 00:00:00+00:00,0.34429196
2025-07-18 00:00:00+00:00,0.48066434
2025-07-21 00:00:00+00:00,0.5660473
2025-07-22 00:00:00+00:00,0.5456002
2025-07-23 00:00:00+00:00,0.612992
2025-07-24 00:00:00+00:00,0.52279496
2025-07-25 00:00:00+00:00,0.40270823
2025-07-28 00:00:00+00:00,0.40457147
2025-07-29 00:00:00+00:00,0.4442625
2025-07-30 00:00:00+00:00,0.59467745
2025-07-31 00:00:00+00:00,0.54752177
2025-08-01 00:00:00+00:00,0.47499394
2025-08-04 00:00:00+00:00,0.51066613
2025-08-05 00:00:00+00:00,0.636551
2025-08-06 00:00:00+00:00,0.48911887
2025-08-07 00:00:00+00:00,0.523151
2025-08-08 00:00:00+00:00,0.50139916
2025-08-11 00:00:00+00:00,0.592197
2025-08-12 00:00:00+00:00,0.5558243
2025-08-13 00:00:00+00:00,0.46465617
2025-08-14 00:00:00+00:00,0.48682374
2025-08-15 00:00:00+00:00,0.47346562
2025-08-18 00:00:00+00:00,0.5126606
2025-08-19 00:00:00+00:00,0.45650887
2025-08-20 00:00:00+00:00,0.5306597
2025-08-21 00:00:00+00:00,0.5118231
2025-08-22 00:00:00+00:00,0.50147915
2025-08-25 00:00:00+00:00,0.5049483
2025-08-26 00:00:00+00:00,0.51479936
2025-08-27 00:00:00+00:00,0.43169573
2025-08-28 00:00:00+00:00,0.5215103
2025-08-29 00:00:00+00:00,0.45511803
2025-09-02 00:00:00+00:00,0.4625412
2025-09-03 00:00:00+00:00,0.42023733
2025-09-04 00:00:00+00:00,0.5005608
2025-09-05 00:00:00+00:00,0.4352179
2025-09-08 00:00:00+00:00,0.5945106
2025-09-09 00:00:00+00:00,0.638522
2025-09-10 00:00:00+00:00,0.6398173
2025-09-11 00:00:00+00:00,0.45853138
2025-09-12 00:00:00+00:00,0.4819961
2025-09-15 00:00:00+00:00,0.41771483
2025-09-16 00:00:00+00:00,0.43456405
2025-09-17 00:00:00+00:00,0.3687878
2025-09-18 00:00:00+00:00,0.4078517
2025-09-19 00:00:00+00:00,0.5267551
2025-09-22 00:00:00+00:00,0.6518694
2025-09-23 00:00:00+00:00,0.5686737
2025-09-24 00:00:00+00:00,0.48954466
2025-09-25 00:00:00+00:00,0.5778883
2025-09-26 00:00:00+00:00,0.6904224
2025-09-29 00:00:00+00:00,0.66954803
2025-09-30 00:00:00+00:00,0.5538678
2025-10-01 00:00:00+00:00,0.6134614
2025-10-02 00:00:00+00:00,0.6386829
2025-10-03 00:00:00+00:00,0.64940417
2025-10-06 00:00:00+00:00,0.55501217
2025-10-07 00:00:00+00:00,0.67266953
2025-10-08 00:00:00+00:00,0.61112505
2025-10-09 00:00:00+00:00,0.56517494
2025-10-10 00:00:00+00:00,0.47898838
2025-10-13 00:00:00+00:00,0.36560333
2025-10-14 00:00:00+00:00,0.5151566
2025-10-15 00:00:00+00:00,0.44584987
2025-10-16 00:00:00+00:00,0.5025894
2025-10-17 00:00:00+00:00,0.3995273
2025-10-20 00:00:00+00:00,0.37860578
2025-10-21 00:00:00+00:00,0.345286
2025-10-22 00:00:00+00:00,0.49482477
2025-10-23 00:00:00+00:00,0.41819105
2025-10-24 00:00:00+00:00,0.5102772
2025-10-27 00:00:00+00:00,0.41975206
2025-10-28 00:00:00+00:00,0.3945334
2025-10-29 00:00:00+00:00,0.55693835
2025-10-30 00:00:00+00:00,0.5232396
2025-10-31 00:00:00+00:00,0.6533293
2025-11-03 00:00:00+00:00,0.47066665
2025-11-04 00:00:00+00:00,0.41373983
2025-11-05 00:00:00+00:00,0.461735
2025-11-06 00:00:00+00:00,0.49721748
2025-11-07 00:00:00+00:00,0.41377214
2025-11-10 00:00:00+00:00,0.48633975
2025-11-11 00:00:00+00:00,0.54811054
2025-11-12 00:00:00+00:00,0.47878686
2025-11-13 00:00:00+00:00,0.52587533
2025-11-14 00:00:00+00:00,0.62381715
2025-11-17 00:00:00+00:00,0.49657056
2025-11-18 00:00:00+00:00,0.5231588
2025-11-19 00:00:00+00:00,0.51149786
2025-11-20 00:00:00+00:00,0.46909374
2025-11-21 00:00:00+00:00,0.42033118
2025-11-24 00:00:00+00:00,0.43385312
2025-11-25 00:00:00+00:00,0.40770394
2025-11-26 00:00:00+00:00,0.37563503
2025-11-28 00:00:00+00:00,0.4640664
2025-12-01 00:00:00+00:00,0.26806703
2025-12-02 00:00:00+00:00,0.45045426
2025-12-03 00:00:00+00:00,0.6609946
2025-12-04 00:00:00+00:00,0.6126344
2025-12-05 00:00:00+00:00,0.66434914
2025-12-08 00:00:00+00:00,0.70062613
2025-12-09 00:00:00+00:00,0.68363094
2025-12-10 00:00:00+00:00,0.62863517
2025-12-11 00:00:00+00:00,0.63668114
2025-12-12 00:00:00+00:00,0.48639673
2025-12-15 00:00:00+00:00,0.49842954
2025-12-16 00:00:00+00:00,0.5071392
2025-12-17 00:00:00+00:00,0.59345645
2025-12-18 00:00:00+00:00,0.46117073
2025-12-19 00:00:00+00:00,0.54921144
2025-12-22 00:00:00+00:00,0.4615964
2025-12-23 00:00:00+00:00,0.43794945
2025-12-24 00:00:00+00:00,0.50277793
2025-12-26 00:00:00+00:00,0.30465305
2025-12-29 00:00:00+00:00,0.33095336
2025-12-30 00:00:00+00:00,0.3172928
2025-12-31 00:00:00+00:00,0.3891815
2026-01-02 00:00:00+00:00,0.43690526
2026-01-05 00:00:00+00:00,0.52221006
2026-01-06 00:00:00+00:00,0.5765985
2026-01-07 00:00:00+00:00,0.44273084
2026-01-08 00:00:00+00:00,0.38010868
2026-01-09 00:00:00+00:00,0.4337731
2026-01-12 00:00:00+00:00,0.42051607
2026-01-13 00:00:00+00:00,0.38486737
2026-01-14 00:00:00+00:00,0.53634787
2026-01-15 00:00:00+00:00,0.3758644
2026-01-16 00:00:00+00:00,0.4305772
2026-01-20 00:00:00+00:00,0.45290735
2026-01-21 00:00:00+00:00,0.6156535
2026-01-22 00:00:00+00:00,0.569761
2026-01-23 00:00:00+00:00,0.58527863
2026-01-26 00:00:00+00:00,0.4981092
2026-01-27 00:00:00+00:00,0.30192995
2026-01-28 00:00:00+00:00,0.35715356
2026-01-29 00:00:00+00:00,0.42163226
2026-01-30 00:00:00+00:00,0.46854424
2026-02-02 00:00:00+00:00,0.43129703
2026-02-03 00:00:00+00:00,0.3271878
2026-02-04 00:00:00+00:00,0.33474216
2026-02-05 00:00:00+00:00,0.33822113
2026-02-06 00:00:00+00:00,0.34803683
2026-02-09 00:00:00+00:00,0.3182651
2026-02-10 00:00:00+00:00,0.3313647
2026-02-11 00:00:00+00:00,0.39127436
2026-02-12 00:00:00+00:00,0.4598984
2026-02-13 00:00:00+00:00,0.3303558
2026-02-17 00:00:00+00:00,0.2831232
2026-02-18 00:00:00+00:00,0.44991127
2026-02-19 00:00:00+00:00,0.38128117
2026-02-20 00:00:00+00:00,0.43258443
2026-02-23 00:00:00+00:00,0.4643117
2026-02-24 00:00:00+00:00,0.43894103
2026-02-25 00:00:00+00:00,0.47121188
2026-02-26 00:00:00+00:00,0.5033348
2026-02-27 00:00:00+00:00,0.5162273
2026-03-02 00:00:00+00:00,0.51700664
2026-03-03 00:00:00+00:00,0.4251627
2026-03-04 00:00:00+00:00,0.4763996
2026-03-05 00:00:00+00:00,0.4347631
2026-03-06 00:00:00+00:00,0.39578494
2026-03-09 00:00:00+00:00,0.24468185
2026-03-10 00:00:00+00:00,0.23079892
2026-03-11 00:00:00+00:00,0.22219852
2026-03-12 00:00:00+00:00,0.23246685
2026-03-13 00:00:00+00:00,0.27088174
2026-03-16 00:00:00+00:00,0.26396635
2026-03-17 00:00:00+00:00,0.29003796
2026-03-18 00:00:00+00:00,0.30716506
2026-03-19 00:00:00+00:00,0.41310373
2026-03-20 00:00:00+00:00,0.4388317
2026-03-23 00:00:00+00:00,0.5594548
2026-03-24 00:00:00+00:00,0.39604726
2026-03-25 00:00:00+00:00,0.42382744
2026-03-26 00:00:00+00:00,0.29007006
2026-03-27 00:00:00+00:00,0.44126368
2026-03-30 00:00:00+00:00,0.51115537
2026-03-31 00:00:00+00:00,0.43535078
2026-04-01 00:00:00+00:00,0.33459112
2026-04-02 00:00:00+00:00,0.24423131
2026-04-06 00:00:00+00:00,0.25707737
2026-04-07 00:00:00+00:00,0.2101987
2026-04-08 00:00:00+00:00,0.30435827
2026-04-09 00:00:00+00:00,0.20543002
2026-04-10 00:00:00+00:00,0.19025175
2026-04-13 00:00:00+00:00,0.314107
2026-04-14 00:00:00+00:00,0.29206115
2026-04-15 00:00:00+00:00,0.3222137
2026-04-16 00:00:00+00:00,0.432418
2026-04-17 00:00:00+00:00,0.41931355
2026-04-20 00:00:00+00:00,0.5313126
2026-04-21 00:00:00+00:00,0.6404076
2026-04-22 00:00:00+00:00,0.66915727
2026-04-23 00:00:00+00:00,0.72955376
2026-04-24 00:00:00+00:00,0.6250115
2026-04-27 00:00:00+00:00,0.5241621
2026-04-28 00:00:00+00:00,0.6486756
2026-04-29 00:00:00+00:00,0.6731372
2026-04-30 00:00:00+00:00,0.71634114
2026-05-01 00:00:00+00:00,0.58230686
2026-05-04 00:00:00+00:00,0.59709233
2026-05-05 00:00:00+00:00,0.63078225
2026-05-06 00:00:00+00:00,0.45567632
2026-05-07 00:00:00+00:00,0.55723965
2026-05-08 00:00:00+00:00,0.57210934
2026-05-11 00:00:00+00:00,0.5155265
2026-05-12 00:00:00+00:00,0.4676994
2026-05-13 00:00:00+00:00,0.49683595
2026-05-14 00:00:00+00:00,0.42110768
2026-05-15 00:00:00+00:00,0.3845734
2026-05-18 00:00:00+00:00,0.5404093
2026-05-19 00:00:00+00:00,0.47339362
2026-05-20 00:00:00+00:00,0.3226102
2026-05-21 00:00:00+00:00,0.41171497
2026-05-22 00:00:00+00:00,0.41430494
2026-05-26 00:00:00+00:00,0.42099634
2026-05-27 00:00:00+00:00,0.4914641
2026-05-28 00:00:00+00:00,0.44545892
2026-05-29 00:00:00+00:00,0.38377634
2026-06-01 00:00:00+00:00,0.5496416
2026-06-02 00:00:00+00:00,0.4664205
2026-06-03 00:00:00+00:00,0.5879433
2026-06-04 00:00:00+00:00,0.42363676
2026-06-05 00:00:00+00:00,0.5350761
2026-06-08 00:00:00+00:00,0.72691876
2026-06-09 00:00:00+00:00,0.52194154
2026-06-10 00:00:00+00:00,0.5054388
2026-06-11 00:00:00+00:00,0.7495794
2026-06-12 00:00:00+00:00,0.376497
2026-06-15 00:00:00+00:00,0.46991074
2026-06-16 00:00:00+00:00,0.45855975
2026-06-17 00:00:00+00:00,0.5039947
2026-06-18 00:00:00+00:00,0.7185953
2026-06-22 00:00:00+00:00,0.627557
2026-06-23 00:00:00+00:00,0.5650173
2026-06-24 00:00:00+00:00,0.5028288
2026-06-25 00:00:00+00:00,0.43454376
2026-06-26 00:00:00+00:00,0.5152169
2026-06-29 00:00:00+00:00,0.48328444
2026-06-30 00:00:00+00:00,0.44523638
2026-07-01 00:00:00+00:00,0.4897423
2026-07-02 00:00:00+00:00,0.37446922
2026-07-06 00:00:00+00:00,0.4105055
2026-07-07 00:00:00+00:00,0.47432464
2026-07-08 00:00:00+00:00,0.3287839
2026-07-09 00:00:00+00:00,0.41100875
2026-07-10 00:00:00+00:00,0.29270348
2026-07-13 00:00:00+00:00,0.44196752
2026-07-14 00:00:00+00:00,0.28912443
2026-07-15 00:00:00+00:00,0.36239755
2026-07-16 00:00:00+00:00,0.292355
2026-07-17 00:00:00+00:00,0.3232861
2026-07-20 00:00:00+00:00,0.41106844
2026-07-21 00:00:00+00:00,0.36438355
2026-07-22 00:00:00+00:00,0.41236275
2026-07-23 00:00:00+00:00,0.4094983
2026-07-24 00:00:00+00:00,0.4232909
2026-07-27 00:00:00+00:00,0.4371029
2026-07-28 00:00:00+00:00,0.42342043
2026-07-29 00:00:00+00:00,0.36434564
2026-07-30 00:00:00+00:00,0.4360715
2026-07-31 00:00:00+00:00,0.41259795
2026-08-03 00:00:00+00:00,0.42475495
2026-08-04 00:00:00+00:00,0.3944278
2026-08-05 00:00:00+00:00,0.46458155
2026-08-06 00:00:00+00:00,0.46094728
2026-08-07 00:00:00+00:00,0.4088057
2026-08-10 00:00:00+00:00,0.34693965
2026-08-11 00:00:00+00:00,0.5689406
2026-08-12 00:00:00+00:00,0.3664539
2026-08-13 00:00:00+00:00,0.4145089
2026-08-14 00:00:00+00:00,0.39981318
2026-08-17 00:00:00+00:00,0.30940604
2026-08-18 00:00:00+00:00,0.44364175
2026-08-19 00:00:00+00:00,0.4796186
2026-08-20 00:00:00+00:00,0.44778332
2026-08-21 00:00:00+00:00,0.55169356
2026-08-24 00:00:00+00:00,0.4137217
2026-08-25 00:00:00+00:00,0.5517158
2026-08-26 00:00:00+00:00,0.38278088
2026-08-27 00:00:00+00:00,0.36593613
