publishedAt,Title,description,url,source
2026-08-30 16:27:58+00:00,Dominion Stock Jumps 14% After Massive Merger With NextEra Energy – NEE CEO Says ‘Scale Matters More Than Ever’ - Stocktwits,Dominion Stock Jumps 14% After Massive Merger With NextEra Energy – NEE CEO Says ‘Scale Matters More Than Ever’ - Stocktwits,https://news.google.com/rss/articles/CBMivgFBVV95cUxOa3NRWHpVcF8zWUtpZkJOTnpDQTUzYnFwMmxpd1ZKZ05idFpyOEZMWlR3Z2Q2a1hvM01Id1E0aHM3QXdMR3Mwb1BaUUNNMktaTEROSlhVX0c3MHpIX3ZiYi1WR0FKUjd3M1J6UlFWLTk2UDNYcXlITGFWRzhzOXZHMXB6cm1KQnNiTkdFenpTNGgwMHBfTVNFaTA0NFBfTlRNcUh1X3htSHNNc0ZsdUJ2bVdxSU1QZDA0VWdZbHVR?oc=5,{'name': 'Stocktwits'}
2026-08-08 07:00:00+00:00,NextEra Energy (NEE) Stock Could Be 11% Overvalued Despite Fresh AI Data Center News - Yahoo Finance,NextEra Energy (NEE) Stock Could Be 11% Overvalued Despite Fresh AI Data Center News - Yahoo Finance,https://news.google.com/rss/articles/CBMimwFBVV95cUxNUTdEU0l2WVR0b3JFSm94S3JpeXQxMGZtMklfSGVsUWd1UGgtQjZFQ3FORnNDY2NEWENlQVhUbUxSb2hDS2MzX0JqUGt1MkpGZHliVWpVOHVzYUhWcjlidUNsRXYwR2h5X0RFMXNENE9GQWJhQ3pGQ2hiSFloOXhQT1g5LVRWZW1wbjNtT216Ql9wQWZqUEkwSHRoRQ?oc=5,{'name': 'Yahoo Finance'}
2026-08-25 07:00:00+00:00,NextEra Energy (NEE) Short Interest & Short Float | Updated Aug 2026 $NEE - MarketBeat,NextEra Energy (NEE) Short Interest & Short Float | Updated Aug 2026 $NEE - MarketBeat,https://news.google.com/rss/articles/CBMiakFVX3lxTE9sTUVPRkt1ek9wVnJGd3JDSm1fdF9mVHVlZDcySl9valhabVdVYmFNVllCa051V2FPaDNSODVnWDU2alZWT29PMWVKSzQwZWtRMlkzZ2tOcE1QcEZQdkpPV3JhNlBEUml3ZHc?oc=5,{'name': 'MarketBeat'}
2026-08-25 19:33:00+00:00,7 Best Recent and Upcoming IPOs in 2026 - US News Money,7 Best Recent and Upcoming IPOs in 2026 - US News Money,https://news.google.com/rss/articles/CBMifkFVX3lxTE1YQV9Fd3dKUmVFZlZHTmJIaWx5VFdUbWhSaVBsWDl6cWp0ZUhvNS1jVFcwbW44Nm92dDlBQkVxa1NCbmZ2MUFlTVVFcDl6RElHX3d6eTdWTk5wbHIzankzRGZBd0hOeTByRmpLSWFVdkJvNlZ4R3ZVczVyWUFYQQ?oc=5,{'name': 'US News Money'}
2026-08-13 07:00:00+00:00,5 Best Renewable Energy Stocks for 2026 and How to Invest - The Motley Fool,5 Best Renewable Energy Stocks for 2026 and How to Invest - The Motley Fool,https://news.google.com/rss/articles/CBMilAFBVV95cUxPQzcxYTdzalE0RmlrbDVUYXhaNVZEWXVzZURtWTZJS2hPWUFHS0E5N3p6M2ZXVkJ1Wm1aOVNySTQ4R191NmRZT2UtZFc5eVNtd1Z1R2RFLUt0RG5tdnlxcndEZ1FUSGVQdGFfbGhDcnpPWkxVNE83MVJNbnRhZ2FfUm9aaWp1OHRqbUd3UmgwMkg5cUlO?oc=5,{'name': 'The Motley Fool'}
2026-08-05 07:00:00+00:00,US stock market could ride earnings strength to more gains after S&P 500 hits record - Reuters,US stock market could ride earnings strength to more gains after S&P 500 hits record - Reuters,https://news.google.com/rss/articles/CBMiwwFBVV95cUxPRDhYYlFmZ3FHcjh0dS1TQ2Z3ampQM2tjSmZha3pHMzhVelB5Q0xzTE8zVThKM1haMFVuTWlpNkFXUHA3WlRORjE0NFhBcExMS1hWeVRIbUtxU3RmbEI2NS1FNmNtamhnZXY5QXlUa1FGN1FMRWc4cF9PMVVJM0pfeEFWQmJfY291UFVtLWFiN292QzMzQjNRQWFmY0RIeDBLQlZKS1dPbEZUMDVidHI3d1RSNkVqYjhlX2Y0Z295M3hDb0k?oc=5,{'name': 'Reuters'}
2026-06-22 07:00:00+00:00,"1 Historically Cheap, Safe Stock You Can Confidently Buy Hand Over Fist in an Expensive Market - 24/7 Wall St.","1 Historically Cheap, Safe Stock You Can Confidently Buy Hand Over Fist in an Expensive Market - 24/7 Wall St.",https://news.google.com/rss/articles/CBMi0wFBVV95cUxNRWxDN05HWmptclRNMlFjRFpJMUs4aFMtbHVmOWJ2ZnAzWWl2My1TOTQ0R29GWV9SelRHNVdwLXp6WkllYzdUQXdTRXVxTlJlRlZCX1FNaGUzZGNlYjc3TGtvcDZ5ajhNdVRZcVJ6X0tTa1pvVUZqaDBQSTFQODdCT3kwcnF0WmZMV3M3QnQ2cmxHaWkyUHJFTnlNY1JrZWVSMlNyUUdTdUpCc3RQSThzOHF1cUJYcGtsSDk5cjlWM2x6V0hfa2ptUkdteF8xYzZRVTgw?oc=5,{'name': '24/7 Wall St.'}
2026-08-13 07:00:00+00:00,Billionaire hedge fund manager Bill Ackman unveils 6 new stocks he's betting on - Business Insider,Billionaire hedge fund manager Bill Ackman unveils 6 new stocks he's betting on - Business Insider,https://news.google.com/rss/articles/CBMioAFBVV95cUxOazlzMm00TFgwc2lNNVNhamd4T3FqNURvUjVrN1FQeVUtSmdLWnF5WHpLSm1rd2k5UGpsRElvMXVHMGdfMmMyVEJTa0gySEJWXzU0ZE1SWFhORkVGeDYtaEpUUVFVRlZUNkg0TXVIdDNSU2lhbGp3N0F5RXFKTXlkc3docm9TOGM1aDhZN0dTNjlXc2hKUkxzbUlsQ3hzZjMy?oc=5,{'name': 'Business Insider'}
2026-08-18 20:29:11+00:00,NextEra Energy (NYSE: NEE) EVP uses stock to cover taxes - Stock Titan,NextEra Energy (NYSE: NEE) EVP uses stock to cover taxes - Stock Titan,https://news.google.com/rss/articles/CBMisAFBVV95cUxNcjJQMElyR2RqUmNER2pEa3ZvdEYwMFRwMG1pWUo2ZTRqRU1tSi05VmhFZnN6c240c2stUGdHRDJoOXBBd2RTZlh0U1RGVE1BeVBnTTNpemxrcXZOSm12RTlnZnEwMlA0dko5czQ1Q0hXNUR4bUJfcG1BV3lqbjV5ZTFsZ09ZblF0bDZGaklvbWVlc1RpSEFSMWJHdzFGOGxiRUtXU1EwcGtqbGZtMHAyag?oc=5,{'name': 'Stock Titan'}
2026-07-14 07:00:00+00:00,NextEra Energy (NEE) Laps the Stock Market: Here's Why - Yahoo Finance,NextEra Energy (NEE) Laps the Stock Market: Here's Why - Yahoo Finance,https://news.google.com/rss/articles/CBMimgFBVV95cUxOZE9yWlZyMWR3RGl1NUZFZ2lfaTlRSWprZ0kxelVWVktKeDVDOEpOSm03Vk9YMzhaZlFQM0tCRUN6dVgxTXVyQ3VhcU9LSjBib0ZmbTlDOFpGMURUTkM4T0lZVkRWZW5ES2RlMlFZRVRxWVdKX1Y2a1V1SnZadGFJak5Yd2xZOHVRbGl2ZmYzRDZ1YW5NQ1d4TmZ3?oc=5,{'name': 'Yahoo Finance'}
2026-06-18 07:00:00+00:00,NextEra Energy (NEE) Laps the Stock Market: Here's Why - Yahoo Finance,NextEra Energy (NEE) Laps the Stock Market: Here's Why - Yahoo Finance,https://news.google.com/rss/articles/CBMimgFBVV95cUxPMnBMNVRmTDZ6bTFMZ3o3NTRuWXJvQnBNSW85NnBIeG13Yk1KdnV3RXBWNVN2eEZkUnJxT0FGWktIclYwQkNlYzNvaGdFY0FBM3FlMUFQZ0NmXzBVMmRsdUVpbzM0NHByODBnZDNXclFOajRURTVtb0ppU0VzQ2hodDVfT2F4WUV6RmZJeHBlWGV5cHRCaENfcUpR?oc=5,{'name': 'Yahoo Finance'}
2026-06-01 07:00:00+00:00,NextEra Energy (NEE) Stock Declines While Market Improves: Some Information for Investors - Yahoo Finance,NextEra Energy (NEE) Stock Declines While Market Improves: Some Information for Investors - Yahoo Finance,https://news.google.com/rss/articles/CBMinwFBVV95cUxONFpwMWR0QXl2aUdvR21XSjNPNXZBZ1ZIWHpwa01OajIyaUZ0NEQtaEU5VGdjVDYySERMOUNhZzZqVXkxSUZfMl9jVDFSVUZaNkxyUU5ZaFVuODAwNmNMd3lTbkIyU2JOOGgtYUd2SzNHaE9QQkdYVVp0dkdNcV9ZWXMwemxmeGUwV1R6WEN5bVFuVVA3NjlvdXF3bHRJTjQ?oc=5,{'name': 'Yahoo Finance'}
2026-06-08 07:00:00+00:00,NextEra Energy (NEE) Stock Sinks As Market Gains: What You Should Know - Yahoo Finance,NextEra Energy (NEE) Stock Sinks As Market Gains: What You Should Know - Yahoo Finance,https://news.google.com/rss/articles/CBMimwFBVV95cUxOdHlJOTNQMGRxNVR2YUlTSzZGSHp4NXlqcFdvVHZ6VTBlOGxRM0E2UXkyRkM2T1ZaNWpFNlZQR0dhcmJNTVVfbnc0RzEzWFM0M2ZVUUxiU09qV2VzNDFGVmwwdWQ3b3lZRmZwQkhRTU51WlhHbzlBMUlmSFAxckNIRlp2VHdkbWdoQmlYVlNwQ0txSnotT0U5OU1jMA?oc=5,{'name': 'Yahoo Finance'}
2026-07-09 07:00:00+00:00,NextEra Energy (NEE) Stock Looks Stretched Despite Its 32% Five Year Run - Yahoo Finance,NextEra Energy (NEE) Stock Looks Stretched Despite Its 32% Five Year Run - Yahoo Finance,https://news.google.com/rss/articles/CBMikAFBVV95cUxPektvN2REZHBWMmdXQVE4aF9RV3J3d1NtQWF2UWh4NTd6cGRzYmlhY0lIMUxxUnpPSHZaekg5bVhZSnVrLURiWWZRLUpZVTBsRVN1bzVzbnY1ejRXRmdoT2xGbkhPUkNWUVFOdlpGTkxMeGhaamdQRUhVQXlrcVVNTkNWcUpnUW55NTN6TkJFa3c?oc=5,{'name': 'Yahoo Finance'}
2026-07-24 07:00:00+00:00,NextEra Energy (NEE) Stock Looks Fully Valued Despite Its 34% Run - Yahoo Finance,NextEra Energy (NEE) Stock Looks Fully Valued Despite Its 34% Run - Yahoo Finance,https://news.google.com/rss/articles/CBMikAFBVV95cUxOSWpJMHdVdE9CUmEyQ1htMG1DV2gxaEN4UUJyVjlZZlFOa1V1ckNabmxzMHM4VDlIdUdPWjFpWkZCcFJib0Q1REFybEZmMFNyTE1URWFiazVnTTJPMGxOVGdITUZ0YmlpQ3FHcFlycEZKWXE4Ui1OeXR2S2l4MnliMEUxVGxzLWliX0FadEdqcEI?oc=5,{'name': 'Yahoo Finance'}
2026-07-20 07:00:00+00:00,Is NextEra Energy (NEE) Stock Outpacing Its Utilities Peers This Year? - Yahoo Finance,Is NextEra Energy (NEE) Stock Outpacing Its Utilities Peers This Year? - Yahoo Finance,https://news.google.com/rss/articles/CBMioAFBVV95cUxNS3VHRVF2ZElQNFZLR2ptaHQtQk1rUHF1T0FBQlYxMk1ud2NBUlFFR05uZ3pWN3djM3c2SnE4U2RmbTlNclFRbnJjdF9LbDRSNEJMeW02d3JtR0JwRDhIX194blc4bTVjelVjdnNYajFSb01tMGdnNGRYU0ZRLVRyM0t5Y0lxTVFoSGdqbjBKYm5ZakgxYVkwZ05xX0ZTRHRG?oc=5,{'name': 'Yahoo Finance'}
2026-06-11 07:00:00+00:00,"Is NextEra Energy, Inc. (NEE) A Good Stock To Buy Now? - Yahoo Finance","Is NextEra Energy, Inc. (NEE) A Good Stock To Buy Now? - Yahoo Finance",https://news.google.com/rss/articles/CBMilwFBVV95cUxPQzlIbkZ2dF84NEtJNWtFQzhOSWNtNU85bnlJSHRXVjZKbHlXbG1GQ0JQTzBMSmhod1FVYklGdFowOTdSNVpjeTFYR2JNY1FtVU9iSHc3THliNklZMGlySm5HRlZyUTdpVjFMS24tbkMtMVpsRGFpMC1SNENnQUpubkJQQ0M1ekFiZVU2bWVUZ0IyZXAwWGRn?oc=5,{'name': 'Yahoo Finance'}
2026-04-13 07:00:00+00:00,NextEra Energy (NEE) Stock Dips While Market Gains: Key Facts - Yahoo Finance,NextEra Energy (NEE) Stock Dips While Market Gains: Key Facts - Yahoo Finance,https://news.google.com/rss/articles/CBMimgFBVV95cUxPbWJwZWFESmdRdnhpMnRTd2ZDajVSUjY3SE9ROHR0dGI0VmplNEVKTmN1VHBTQlo4ZE5mS1VoSzhDWHdqa2doOGxIUTVlNDBQLURvUEQ5RVVuZ1djNFlpU2tYRDUtRXMtOGJTamljZ1BaaDduZ0lyM2JyR2U4dXE5akt0Qkc4MVdvOWppS2QxU01tSlVmbG9PMGt3?oc=5,{'name': 'Yahoo Finance'}
2026-06-18 07:00:00+00:00,NextEra Energy (NEE) Stock Could Be 8.5% Undervalued on Its Dominion Data Center Story - Yahoo Finance,NextEra Energy (NEE) Stock Could Be 8.5% Undervalued on Its Dominion Data Center Story - Yahoo Finance,https://news.google.com/rss/articles/CBMimwFBVV95cUxQZ2xMWnFqNUdSNFpCa1hXVkV4QTc5ekNIYXg0bi1SX3VSZ3M3WHloTFVOTE9UaG11bk9RSTlXY0t5cE8tdVhkdXE0WFdieWhYU05ncVg3Z2VMTXY3OERFem81SlBXRXgzbzd6bGhnRzM4VV93R3RCb0R1Y0ZxWG04eWxNakR1ZFdjeGJta3lCaFFZR3RKd2k2b1hTVQ?oc=5,{'name': 'Yahoo Finance'}
2026-07-21 07:00:00+00:00,"Best Stocks to Buy in July and Hold Forever: GEV, NEE - Yahoo Finance","Best Stocks to Buy in July and Hold Forever: GEV, NEE - Yahoo Finance",https://news.google.com/rss/articles/CBMilAFBVV95cUxNMERmSl9mMmladTZRYXE2UXAyb0xFVGhWbEpvaUIyMzFLaUJINlA4MGtGa1VJNW02X3RObEFQTXdfeGVDT1ptek5RQlExa0lxbEhkQWRUcVJ6aHpBSFh5WERGcUtmZ1R2ZFZ5bG5tbl9vZWpJZFN4dkxnb2JmTTJJdU5zQzBPeWpINFQ1d09EeVdjWlY5?oc=5,{'name': 'Yahoo Finance'}
2026-08-08 07:00:00+00:00,$NEE stock fell 3% this week. Here's what we see in our data. - Quiver Quantitative,$NEE stock fell 3% this week. Here's what we see in our data. - Quiver Quantitative,https://news.google.com/rss/articles/CBMioAFBVV95cUxNUHRVeFNqcTZ2cUljS2tja3V4VHNYVG5ITDExeFg3cUZqOVEtaGRlM29JRUxJZ0JLTVdPS3RvSUVoc0dkRWZSOVJ4aWRaT05OUzltekxXemF3ck5sbGRGTU1rRnVaaFpENVUtWlo0U3ZYVnBkZ2FfTkptX0pKMFZ4UFRUYlh3dzF0X0NicGJWQndGQlowSDJJWDNKQWhPX3B1?oc=5,{'name': 'Quiver Quantitative'}
2026-05-18 07:00:00+00:00,Why is Nextera Energy stock sliding today? - Investing.com,Why is Nextera Energy stock sliding today? - Investing.com,https://news.google.com/rss/articles/CBMipgFBVV95cUxOWWlVUWF6dG9qZllHTmdMTXlXM04xM3BReS1qbU1mZFpLS3RublRMXzk5OGFGUGRXVkU0dDNhOXk2cnY4SDA5X2ZzTTBqdDZTRWhZVDlQa3dQRmV1Zm5OYmFyZ2gxMjc1WWZxREhSN3dJQ3ZvWHFuWXRKTWFTT01uWGUwdEtvMV91b1lYaHY2QmVIWVhnQ0h2VlpkVmVrSlpvalA0NjRR?oc=5,{'name': 'Investing.com'}
2026-07-21 07:00:00+00:00,These 3 Energy Stocks Could Outpace the Market in the Next 12 Months - The Motley Fool,These 3 Energy Stocks Could Outpace the Market in the Next 12 Months - The Motley Fool,https://news.google.com/rss/articles/CBMikAFBVV95cUxQYWgzclRtWmF0UXdpX2NtX09ZQ3NaVm5zaEgyOXcxMFZCSnkwX1FuZmlPUzZfZzRONVkwamg1bGw4dXp4ZDQzMmlkNmxiWG1lQjNNNFk0VzNrYzh0S1N3emhPc3RPS01xSkNycEFxbTVGdjRjcXE1dHpBUVlwaDYwX0NoeVFXU19vYjhFQ3Vqa0M?oc=5,{'name': 'The Motley Fool'}
2026-08-01 07:00:00+00:00,NextEra Energy (NYSE:NEE) Shares Drop 3.2% While AI Power Project Remains Pending Final Approvals - TechStock²,NextEra Energy (NYSE:NEE) Shares Drop 3.2% While AI Power Project Remains Pending Final Approvals - TechStock²,https://news.google.com/rss/articles/CBMitAFBVV95cUxPRW9PNy1zOHZ3ZGp5Yk9CZ1M3cTM1WFhzRVdDQndLTW9YU1FIbmhBMHpURnZuNXNaUVA0VHg5T2pvTVNXQzJQaVFTbmc2UzRVRl91ckR6blc1S0g3alNlMkFEYVBzalloQ1NjTTlXZ3NWb2NTbkRLRHR6NUh6MXpPcnV1dF9JV1BzREoyb1FRcEdQckw1MlAyRDdtLWJuaVRyWkU2dzczX19PQ2JyVWJmalV6cHM?oc=5,{'name': 'TechStock²'}
2026-05-18 07:00:00+00:00,5 Things to Know Before the Stock Market Opens - Investopedia,5 Things to Know Before the Stock Market Opens - Investopedia,https://news.google.com/rss/articles/CBMinAFBVV95cUxNRlJqby10cEJwb2gtOV8wQUF2VnhmTWxkNFpNdUJjcDRxNFBxOTc4c1U4eVE0WFQyaUphVTNHOEp3dFJoYl9zajBUX2lRU0EtdUItUUZ3eGtkdzBHSHMtS2swaFFrZUtXQ1BWYWh2aTRvUUZucVp5eEVvQi1rREU5N1Zra1luNU02N2t6NV9HWnJSYXJCMnJMRkFaWnA?oc=5,{'name': 'Investopedia'}
2026-07-21 07:00:00+00:00,London Stock Exchange to launch LSE 24 - LSEG,London Stock Exchange to launch LSE 24 - LSEG,https://news.google.com/rss/articles/CBMimwFBVV95cUxNMnh3X0szUjFWTndXeUtHUi1rYzRLZ2tLV0J3YlVtbzZFTk04TkNVc3MwWV9rODZvSGpuSjBUS3UzS0RaMWtKSE5NQ29tNjNJclV0STBxRWJwMHU1eHZnY0lpRDR1YnV1ZUJDZUlrSEdsZW9sR0hFNUVGcUJpWDdKUlBUUDhmWGtCSjdzRDA4b1hiWVJBQlE4Tzlpdw?oc=5,{'name': 'LSEG'}
2026-06-01 07:00:00+00:00,Nextera Energy Inc Stock (NEE) Moved Down by 3.32% on Jun 1: A Full Analysis - TradingKey,Nextera Energy Inc Stock (NEE) Moved Down by 3.32% on Jun 1: A Full Analysis - TradingKey,https://news.google.com/rss/articles/CBMiigFBVV95cUxNRXF4VzlPSm9IOGkxTDZQMmFYZkMtaW1GcDhOYnE4b1Q5czdzb1M0czRhbG1ObFU5elpQMGw0R0FNLUhieGd2NHhMZVdnOEh6dFFSVXRZM1E0b3VGUE9TZl9pLWRQLXRwLUo1QzhjLTVDVzRMd203QXlPZkdVQlY2NWVnai1PVjJ0cmc?oc=5,{'name': 'TradingKey'}
2026-07-10 07:00:00+00:00,Power giant NextEra to post Q2 2026 earnings and webcast on July 24 - Stock Titan,Power giant NextEra to post Q2 2026 earnings and webcast on July 24 - Stock Titan,https://news.google.com/rss/articles/CBMiuwFBVV95cUxPS3FnWWZQRHNIc2wwZzZOUjZxZTBEUUF6RWNmWVNBUWFUaExNSkpGRjAyMlRyTXRlX0JJcFNYVzFTNnE4TU5Mc2VhNTd5S1ZIRUZLTFlRLW5oUjdlc0g2bHFSeXh4OV9zWjg5dU5oVlBXcFpDemxDNldydnhndHdnR0xBZnREUVR4LWVNc3RXWEM2OXR6Z19YMHNzZk5nbV83dlZuWlBuOEdYM05EUEFIazFGbjRWN3YxdEdZ?oc=5,{'name': 'Stock Titan'}
2026-07-21 07:00:00+00:00,NEE vs. CEG: Which Energy Stock Offers Stronger Growth Prospects? - The Globe and Mail,NEE vs. CEG: Which Energy Stock Offers Stronger Growth Prospects? - The Globe and Mail,https://news.google.com/rss/articles/CBMi3wFBVV95cUxNQk5CclVlWmtOZFc3U2k4aU1pcXZvekRjZzJFNmp3ME5IUURzOE1RUVV2c2FaMzhSZ05JeTBVSUlSSmRKNW1IcmlNcjZ1MXprNGVMYTl3NTI3V2VMcG15SVg2SkdTT0JQR3VmWlh2UU9qbUMtTXhudjVMbmtkNFdteklDVlYxRnc5N19SNXhvdHlsWXZwTmp5MWo1NUF0VDJnNE9lbUt2WDZndmtVRWQwUmhkUmc0LURVRkhwSXBIc3ZrSGFqYmczMTdPSWJ5Y3JXNURJQmNTZFZSWVRQUHA0?oc=5,{'name': 'The Globe and Mail'}
2026-07-21 07:00:00+00:00,"Best Stocks to Buy in July and Hold Forever: GEV, NEE - Zacks Investment Research","Best Stocks to Buy in July and Hold Forever: GEV, NEE - Zacks Investment Research",https://news.google.com/rss/articles/CBMilwFBVV95cUxQVUZtakNCdDlJNlMxcFB0MmRQLW9SdmRjVXpvcXNHdTRlLTJzZndZWHNFYm1BZEpUTXhNd0l3VWJWZ2hhUjNYN0NMYS12MmxSOGx2Q2JEa0xuenNnUXNmU05jT2hHd0tleWFNYnF1MVpfWC1QazhlN0U5MGNqZzRYbUtFcFd2OFNwdEIyZnpGNjJOWFNTaWpn?oc=5,{'name': 'Zacks Investment Research'}
2026-04-20 07:00:00+00:00,NEE Likely to Beat Q1 Earnings Estimates: How to Play the Stock? - Yahoo Finance,NEE Likely to Beat Q1 Earnings Estimates: How to Play the Stock? - Yahoo Finance,https://news.google.com/rss/articles/CBMilwFBVV95cUxPbEZncGFLbUpyeHJXYzlHSDhabXdKSEVZTS1YZlZzNktFNjJKeEpxZWJWSnFMTVNNczAtQVk3MGtocWp1aDRnRi1zODNMb0N4ZmhDTGw0VjNZeVowSDYxWnhzLVJuaDVpTWU0SVNOa3ZpMXZweGp2anpqbkhzR3ppUlJJMkQ1MHJLYTJaSFhCb0ZiS001dkNF?oc=5,{'name': 'Yahoo Finance'}
2026-05-09 07:00:00+00:00,NextEra Energy Stock Capital Return Hits $20 Bil - Trefis,NextEra Energy Stock Capital Return Hits $20 Bil - Trefis,https://news.google.com/rss/articles/CBMitwFBVV95cUxQSGlLUndvRGc4UzNWNUtKVmNqaWJTRGdZYW5PYThWMGhrQnVhTnJLN3VIX1d2T2RYYjNEZ2V4ZGJUZGxzQnNwNnpqaFZfOTQ5QkZHb2dFaE9UR3RqNnZqRE9XdWRnWTlVR1dTWUJ3b29CZVdXMGZ0eEFrSnlWai1IbDVqMnNrV3pXTktGLVR0RTV2NGxPNndnVnFNSFczVy1WeHRnbUhMU01DbXNkZU1lelRwUnlTOHM?oc=5,{'name': 'Trefis'}
2026-08-20 21:31:23+00:00,NextEra (NEE) Trading: Ends Lower by 1.02% at $85.03; Boundary Watch: $80.78 and $89.28 Define the Nearby Reference Levels at the Close - Vol Target Rebalance - vinanet.vn,NextEra (NEE) Trading: Ends Lower by 1.02% at $85.03; Boundary Watch: $80.78 and $89.28 Define the Nearby Reference Levels at the Close - Vol Target Rebalance - vinanet.vn,https://news.google.com/rss/articles/CBMi9wFBVV95cUxPM3J6clNBZURkZVBQcjdFYnQ1QnhvRXhoaVZ3TkpoSDlpRTJGNEZKRUZ3Mmh2UkRvbHFsMmRNejR3UVlMdjZaNnRZOU5pVlNaUThZN3VqdlFkcGtjZlZoTEl0cHJXWHpDaWhhSk40Q2ZUby1rN1E4RlQ0U0F0WDVsU1RCbjhnZEM1WHk3d2dwakh0YUVJbGZRaFFNYkRQNWpjdFN1Q2tFeW9zUG0zUmFwRlBJaDRVdTlfVHdyaG16MUtSdkhMRFZUWXZnMlBzWnJJZDlaRUNuaGJQOFZCbWFDM0xPc0Y3ZG15bGN6SVFYbnJfTThoUm9v?oc=5,{'name': 'vinanet.vn'}
2026-05-22 07:00:00+00:00,NextEra Energy Stock Fell After Its $67 Billion Dominion Deal. Was That a Buying Opportunity? - TIKR.com,NextEra Energy Stock Fell After Its $67 Billion Dominion Deal. Was That a Buying Opportunity? - TIKR.com,https://news.google.com/rss/articles/CBMitwFBVV95cUxOU2d1NzlfbTlWcFlCcDhjeVF3bF8xblVxWmwtSGdMclQwbk0wRmplNjJfUUhiWHNkV0hxSk9Lc2g3YURlcUh3UDdsUDZlMXJoMGwxeDZjMVp0OGEzcTRBcGhSQ0NiQ2gtcEVoZ2pjalQ5UjJRQW5aVF81VHRWUnVQQUpUMGZ3QnBoeVBaVUxCVFYxd2ZxcDBoVG1DUHRLUVAzakVLMEYtZUkxdnFOQ0JiZ1VKYmwzUzA?oc=5,{'name': 'TIKR.com'}
2026-04-24 07:00:00+00:00,NEE Stock Gains Attention: CEO Flags ‘Accelerating’ US Electricity Demand - Stocktwits,NEE Stock Gains Attention: CEO Flags ‘Accelerating’ US Electricity Demand - Stocktwits,https://news.google.com/rss/articles/CBMizwFBVV95cUxQQk1vb25XMmlkN1pIYVdaazFuV0N5ZkVfS2JLR0s2T1QtQXA3R3hVdUlkcUdmckU5MWtmRnlkck95LWJyYkJhRkhwSm1VYmgxNWctc3RsTldqWHVER0VwM2E1VXNPZ0ZfVVp5Yk90MnV2RWZWZF84d3NCVTFxTF8wY0VvWnozZlZWM05lMHYxUE5PcWlqNnEwblJ3ckFEOUtINy1MTHlFVEJQM25OWWJKNUNWZVVzLUZjUlZadDNuU2s4OVdCTWdEWDIxdVVrNms?oc=5,{'name': 'Stocktwits'}
2026-06-18 07:00:00+00:00,"In 10 Years, Will You Wish You'd Bought NextEra Energy Right Now? - The Motley Fool","In 10 Years, Will You Wish You'd Bought NextEra Energy Right Now? - The Motley Fool",https://news.google.com/rss/articles/CBMilwFBVV95cUxNNkRZTGN5VnoxVnFnbzJUYl90NW50dmVybWJXbEdaRmE2cDE4SHpoU1E5Rk01WkNzdXlaMURjNnhiVmMxT2E3Q2hyMExaOWJUZkNUQ0xzNERQbGU1eWdmcXRhUmNfTW9zRmdzMndaeTlaUVJIMm1MNTZ2RW9scDJsNU15d3RIcFh4X0g1V2FYM0V2SW1reDgw?oc=5,{'name': 'The Motley Fool'}
2026-07-24 07:00:00+00:00,NEXTERA ENERGY ($NEE) Releases Q2 2026 Earnings | NEE Stock News - Quiver Quantitative,NEXTERA ENERGY ($NEE) Releases Q2 2026 Earnings | NEE Stock News - Quiver Quantitative,https://news.google.com/rss/articles/CBMihwFBVV95cUxPRGduNmdGYUV1cEhZYWpNeHFpay11VGt4R01RaXJ0a1I3NWtXWWZYWG92Rl92SDZZR0RpZXlOS2pfbjZEUXdpV0dTTmtDNmp5WnZ1dzlxXzl2Zi0tVW56V2VQUnhmRVozSVhDVGpmN1BfTDJuaTZ5Z2h6NllXQzlJSGVoeEJmRk0?oc=5,{'name': 'Quiver Quantitative'}
2026-07-17 07:00:00+00:00,"A new Chinese AI model causes another stock market sell-off, but why? - Techzine Global","A new Chinese AI model causes another stock market sell-off, but why? - Techzine Global",https://news.google.com/rss/articles/CBMiugFBVV95cUxPMTFpNWJYSjhwYUl2bXRTSmZVV3BiUEJLNEhfNjZjR1ZfVTdaaDhwLWRHQWNKdFFpc1VlYWhDSDNHbzVjbFZoZXluRzB0MVRkeWd1WlNiTFY2X1phUGVHcTgxNk1TTS1oSTZhbjdhX1ZJR1IySWJEV1gtWXhmalJvVVd4U216UjJOZWV4UFdJY29JVmFaaEdnWGRocjgzNVZuVjZKTGhBQ2tNakdFdzhkNzJTdkVtSmNmRGc?oc=5,{'name': 'Techzine Global'}
2026-08-04 07:00:00+00:00,NextEra Energy (NYSE: NEE) EVP Alex Rubio files Form 3 insider holdings - Stock Titan,NextEra Energy (NYSE: NEE) EVP Alex Rubio files Form 3 insider holdings - Stock Titan,https://news.google.com/rss/articles/CBMixwFBVV95cUxPYkpMdFJHbmhrNnphekw5eUF4LTA5M2xiY190bTNyX2NIamtfSUFqaHZVTVFxTUhFUmo5eFhIWDc5OERGSFZmMDhyUVd4b3V6MHRLd1B2SjRnRFd0UERnc3M2RjF5V0VMOXFGdVpBOXNtWXRZVHF6WGpOWU90czNJNlcwdnJDMHVrRDd1emRTS0dfeGoteHVnYVFFX1NwUjg2Ynl2dWY5dFRxZENhZXRKeFNTX2ZoM3BtRXd2MTU1RzdVbTJONUp3?oc=5,{'name': 'Stock Titan'}
2026-05-19 07:00:00+00:00,Rewiring AI: NextEra Energy Sparks a Mega Merger - MarketBeat,Rewiring AI: NextEra Energy Sparks a Mega Merger - MarketBeat,https://news.google.com/rss/articles/CBMijAFBVV95cUxQalhaZTlUMkV5c3ctYlVER2dTZ0VHbERURnpLTjdHT1pFN2xJMEJkS0s3UEFLTWxoQTFoSUs4Uk80RnllLTdmQXFDTmZzbnlJdzBzRUd2MjBZdk01YURCbXZHUWJwQzZ3NDZUZTFDSE9pRzE1NmlEVFVjQ2tWQnQzRUFCOVluVzY0NmNVVQ?oc=5,{'name': 'MarketBeat'}
2026-05-18 07:00:00+00:00,Nextera Energy Inc Stock (NEE) Moved Down by 4.03% on May 18: Drivers Behind the Movement - TradingKey,Nextera Energy Inc Stock (NEE) Moved Down by 4.03% on May 18: Drivers Behind the Movement - TradingKey,https://news.google.com/rss/articles/CBMiigFBVV95cUxQYWlrMU9lRFN4YW1FNm1mN01qcUU4eGhudU9MbG1lYnJJRU5tNVA4ZkdCV0w1YktJSGlyN1FGUUpBSjBTSC1NUy1IdUFYdmd3cTJwZXVXUEJWOGdPVkNKbnFQNHBGWm1Fd2xTYVVCU2pSZERsbnhTdEJ5S1FzeTgxMDc0bTlzVVdhU2c?oc=5,{'name': 'TradingKey'}
2026-04-23 07:00:00+00:00,$NEE stock is up 5% today. Here's what we see in our data. - Quiver Quantitative,$NEE stock is up 5% today. Here's what we see in our data. - Quiver Quantitative,https://news.google.com/rss/articles/CBMingFBVV95cUxQRXBFLTBNaHJPa0FicGVpNVpzRFRhekk4eDVBTjF6ME5WNVZIdGI3dlBoMGRVcENJZmgtbjhiSkE4ckh1blo5cnM5TzlES0YtTkxsYlY5LWRRcWZyMW9EQkhCdnZQU2lucTlxRjhvTW02SmhWSEFRNnlwUEJtN0lhQ094T1RteWF2V0ZYMllBS0g2WXN5cnp3ajBkd1lKdw?oc=5,{'name': 'Quiver Quantitative'}
2026-07-24 07:00:00+00:00,Trump Unveils New Tariffs: 8 Key Items Shaping the Stock Market Friday - TheStreet Pro,Trump Unveils New Tariffs: 8 Key Items Shaping the Stock Market Friday - TheStreet Pro,https://news.google.com/rss/articles/CBMiqAFBVV95cUxPZDRxSS1YUjVKMjVyenpnNVo4ejlQN2x4d0tRejQxU0V3VDNYTVZCLUQyZzhvb3ZmRFdpYXRZdzVPWjFucFZUQm85dEo1X0lpblRMTkRYSW1WZlFPeDdjWUlzS1U5RWVEUnp0MXQ5WGhjc2N5VWp5UVQtbXA3eDNDNFZmN2xjaUZUWjBoRWdRcVJSQ1JMcTFLbHRmeXFQWjVKRE9TS1RqSUY?oc=5,{'name': 'TheStreet Pro'}
2026-06-27 07:00:00+00:00,Dividend Stock Showdown: NextEra Energy vs. Dominion Energy -- Which Should You Own? - The Motley Fool,Dividend Stock Showdown: NextEra Energy vs. Dominion Energy -- Which Should You Own? - The Motley Fool,https://news.google.com/rss/articles/CBMimAFBVV95cUxOUndYaG5CZEZva1VYRFAwcGRqclRJcFZybTRYbUZDN0VfSEQ0M1lFSmdRTDJiRU40em51YkI1SVFfQ2xUYmxzXzYyV0d3bEk5X09tLVpFdEJwcjhUWkNhaWFBaDNMV3BuX2dYZGlkeFg2NFhrc01UaXJENU9Qd2lRMExnQVhWc1VqQTlKR080WWNaV3h5SThEVA?oc=5,{'name': 'The Motley Fool'}
2026-06-16 07:00:00+00:00,2 Top Dividend Stocks to Load Up On Right Now - The Motley Fool,2 Top Dividend Stocks to Load Up On Right Now - The Motley Fool,https://news.google.com/rss/articles/CBMikgFBVV95cUxOa2k3R0lsRXdLSzdxSngxajRoN0VFTXpPVC1pNHVycWJocWVjbmZxb1VWcjh4czBNWmVZT29vMGdVWlV2Z2hZRDhpY1ZuVDZmZkJGTjB2VFFYS2tsTzVZN1AzZW5aa0hJU193a3dOX1c1ZFY4NzdzOFF6Um1NWDhnVGRMZ1JmZHV5LUp1N0x5YVB0QQ?oc=5,{'name': 'The Motley Fool'}
2026-07-09 07:00:00+00:00,NextEra Energy (NYSE: NEE) to combine with Dominion Energy in stock+cash deal - Stock Titan,NextEra Energy (NYSE: NEE) to combine with Dominion Energy in stock+cash deal - Stock Titan,https://news.google.com/rss/articles/CBMiuAFBVV95cUxNOTZwanVDVEVyYTVlQnZrMTFicDl4MGN6dXJnbE5JSndHVUFUTUlMaUxxR3I4NU1TSktCakxmWWcwbEJfMkpFU1NESnZSdDZwTEgxRDB1d2E0WXBKU1UtbkUtaE40R0ZfSjJ0a0lsTV9odXE4d0Vnc01pLUlncHkyVlgzVjQtdWdlTW1hUFFMU1JCeU42N0FfOUdOQjZiZEwzNTBSV2FSeEZoTzhjS1ZrTExSRldOTVBl?oc=5,{'name': 'Stock Titan'}
2026-07-09 07:00:00+00:00,Meet the new group of stocks powering the S&P 500 higher - MarketWatch,Meet the new group of stocks powering the S&P 500 higher - MarketWatch,https://news.google.com/rss/articles/CBMioAFBVV95cUxPb2FKbDdJb0p0MFpoaG5NVlhnaGxrUWRRTm9OTnN3RWZfandNWEw5ZXJ6TTBzZmw2UF9aMUVUSzhJTVNvSTZYQ1A3U1JpUVg0TjVMUXJpOVR3YlpEMExIRnU4bVFjUm1ONXBpYVV6TGJ6V0J2MTRqWVFMTEpRQjA1LTZiTUlTM3l5dGRHQ3F5Y2NSUlVKQWo3TzVWUlo5Y0FN?oc=5,{'name': 'MarketWatch'}
2026-05-15 07:00:00+00:00,Nextera Energy Inc Stock (NEE) Moved Down by 3.06% on May 15: Key Drivers Unveiled - TradingKey,Nextera Energy Inc Stock (NEE) Moved Down by 3.06% on May 15: Key Drivers Unveiled - TradingKey,https://news.google.com/rss/articles/CBMiigFBVV95cUxQNjkyYy16NEhUNi1zRkNsd0lpd1JtN05zWjFXa1B3OUYybEVEV2VEcXRFV3BGdWI2REt0NUp5OGJrT1NHbzZaQ2hUTlhKc1Fyb1k3b29hajBzUEQtMUMzSkdUOWY5TzF2T3JLYTRIRmN6V0dPXzhKT2F5QmhJblZQd0puQXoxLUM1RFE?oc=5,{'name': 'TradingKey'}
2026-06-23 07:00:00+00:00,NextEra Energy Issues $3.75 Billion Hybrid Debentures - The Globe and Mail,NextEra Energy Issues $3.75 Billion Hybrid Debentures - The Globe and Mail,https://news.google.com/rss/articles/CBMi0AFBVV95cUxQbG1lT051dEw1Ti03M2N1SWNreU1mQlpwZXdfWF9neUxyUFpXalZ3NXFiMUtyT1BmeXFTZTc3d0xVQUxwMVhvejdmLWdnSFdpaThhMFdPYzFveEZvLVFoOXZULVRWSDV3dG01ZldpQ29XYnVWODhJZ2QwRzRBNWtDcWJEcTNlUnpGbWpmVHZ4RXZNUHFIZ3oyYjNYNUtsSHlaSnhWWDl1Vmh6eVlSNlp5VHV5RWtDWVJHU1FBNC1Na1RQSjFrdVRfMzlTajhEeWdj?oc=5,{'name': 'The Globe and Mail'}
2026-04-08 07:00:00+00:00,NEE Stock Surpasses Industry in 6 Months: What's Next for Investors? - The Globe and Mail,NEE Stock Surpasses Industry in 6 Months: What's Next for Investors? - The Globe and Mail,https://news.google.com/rss/articles/CBMi4gFBVV95cUxObjlCdzVXR3lRWDlQeGhaaVYwejlqN3I0RUtuZ2dfZ29XODRBWEVXdEE3b3lCVzFEN0FaT013aS1uQVRaUUZxMUVCYXlUV1BEOEE1clZUYm5uZUNIMF81NkhoRnNxS0tJcVRFSWF4R2pCUklEYXc4RzhFN2kwbC1uMGtRRDc5NUExbERXNVhOSlFUcENOckZLa05rVEl3RFZibkJ1ajZVUFlzMHBNS2xyOXVtU3dJZEEyTUlCbnpEZTVfQ3pXNmZlYUc2djVJUzJyRGxHVGx5UDh0czZNeGpXcjBB?oc=5,{'name': 'The Globe and Mail'}
2026-06-24 07:00:00+00:00,New meme stock Wendy's soars more than 25% with trading halted at one point - CNBC,New meme stock Wendy's soars more than 25% with trading halted at one point - CNBC,https://news.google.com/rss/articles/CBMipAFBVV95cUxQUmZ4MGxkWGdpYkpzdGMyMldIRDdVaGFVdU5sYWVSSTJRRWlnZV9haklTLTJjaGtha244QzVVVTlzdF91N3pfY00xUzNwWlNRWjczMzY1amplSGRucExoUHNSVS1pYlFDR1RJNG4zb1dKdFZmLVZZaVZ3Mko1enBadWFCaVZhN3pjUXJwbjRWdVlFUTFRdjlIb1ZhbGVFMV9VcDdva9IBqgFBVV95cUxOUjdzUnZMVmZ1THAyeUlnRk9mZUt2RmI0NURRN2I0MlB4akNMdGNHSjAtbGR2cGlNdmQ1c2F3Q1pmQUZJYUF1WVVrTThndGhCM0RsN0d0Q0ZPcy1Tc3pSQlo5M19iVWVTaUxGZm5NTWs2NG51OEZTVVhTUWZkaUxLcXF2UC1fUV84OVFUS21lb29PU0tZUzI4QkVtN3l1b1d4RUlWNjVzSk9Xdw?oc=5,{'name': 'CNBC'}
2026-05-21 07:00:00+00:00,NextEra Energy sets June 15 payout for latest dividend - Stock Titan,NextEra Energy sets June 15 payout for latest dividend - Stock Titan,https://news.google.com/rss/articles/CBMimgFBVV95cUxQdm1nNXQxc2pHbmxRNU91VVM3RkFRUlllREhqQXlWWXdjUHFwOVhUSVpTbkhrSEZjRFdzZE54aE5ISzFBdld5YXFnM0djbWxOX3lwRnEtWjNyblNPQjQzdTBkTkpmVEJYOTZBUkFjMWFZMDJlWXdPaWJycmI5ZGVFYUNtYlp5Zk5KU1l5U1d4bzltQktGTTI0WWZ3?oc=5,{'name': 'Stock Titan'}
2026-05-18 07:00:00+00:00,"Deal Creates One Of World's Largest Utilities, Major Power Provider For AI Data Centers - Investor's Business Daily","Deal Creates One Of World's Largest Utilities, Major Power Provider For AI Data Centers - Investor's Business Daily",https://news.google.com/rss/articles/CBMiiwFBVV95cUxQOHQ0QWE2OUszX2hwX2xhQXpBQkRUb0hEbEhoQnBBTGJVR0FJSlFReWp0YUtHeWxPZHVlMXFDT3h4b1Y3elJZbWhvNXpEMFhUR3kydGFTSlViNU9lVGtpYnlzQlF4VE82U2dROWpMQ3Rrckc2cWh4NWNLeGRLNXY1U2lkNGREWnJuVWhV?oc=5,"{'name': ""Investor's Business Daily""}"
2026-04-23 07:00:00+00:00,NEXTERA ENERGY ($NEE) Releases Q1 2026 Earnings - Quiver Quantitative,NEXTERA ENERGY ($NEE) Releases Q1 2026 Earnings - Quiver Quantitative,https://news.google.com/rss/articles/CBMijwFBVV95cUxNMUlDMG5XUFFGT1VMU1h3cTdqcG43N3VlWDhBd09QT05PdmdLbHp3V0xEZ1F5SWR3SzY3andGOEF0UUdYUHYycUFFNmFra1ZEcXVfbG5wYm9vYnhNanlHX3VhNkI4Ti1sVlFFTG8yRnZyQXVFbTh2QVNOcnd1Mno5Uzc1NzJMSWF4a0ZTRFpQOA?oc=5,{'name': 'Quiver Quantitative'}
2026-07-10 07:00:00+00:00,NextEra Energy (NEE) to Release Q2 2026 Financial Results - GuruFocus,NextEra Energy (NEE) to Release Q2 2026 Financial Results - GuruFocus,https://news.google.com/rss/articles/CBMimgFBVV95cUxPcGxEYjhVdmJOOS1yME9iOWRUWHdOWUFCejk0a1ZuQnp3REVCVTNzUUN1Nmtvc3VrT1lKdTJlQ3B1X2J5UW9FVGN6Rm9DVFNrTVBwTEJhc0tHUHlvNTlPdnduQk5jQ3dJSmt6TTlfd1F2LVRmRGJ0aGZ2QjRwTW1vUnF1WmRHNUNPbnBkZmJmTVllSG80XzdYdlp3?oc=5,{'name': 'GuruFocus'}
2026-06-07 07:00:00+00:00,SpaceX IPO will be a massive selling event across stock market as investors dump shares to buy SPCX - Fortune,SpaceX IPO will be a massive selling event across stock market as investors dump shares to buy SPCX - Fortune,https://news.google.com/rss/articles/CBMiuAFBVV95cUxNX3Fsc0ZpNkxxWHctMURpMkx2M2dtVXRhVUdmbnMxSXdnV1NHRlRva2JrVW1mXzd0RlZ3T0k2cTZNb2swUDJDbDZ5MlMtY1VscEswemJxNEg4dHNFYTNCczZlNXpHc3YydmJxLUtWR1FhT1BhSGVkZnhXeTJIWVhleTc4R0ZLN0RvR3VVWEhIQjdEWGVIdktvUXFCZDVrRlE0bXFIbUsteVVfT2xkb2U2Y2VMdkNKOFNY?oc=5,{'name': 'Fortune'}
2026-07-24 07:00:00+00:00,NextEra Energy executives to discuss Q2 results in webcast - Stock Titan,NextEra Energy executives to discuss Q2 results in webcast - Stock Titan,https://news.google.com/rss/articles/CBMivAFBVV95cUxOQkxzMGRsZ19WSTlaMUV3SDc3SFdvTUZnYVRMN1lSVWYwOTdLb3hQY05yTXNQeW4ydENNUlBWQXVhUS1lSnF3ZE13LUhUNjhRVUEzMlp3OUV3VzJjZ0syM09EdWRHSHd0LXZBRUVTeVd3LXN6Z0RZX2wyWGdCVUx5Yi1rQnM0Z25ZLWtxYTg5dVczQWg4dlB6UHRLaXowdUZiUm14cExRbmhXSkRacXNSZ0s3YkdqYWhpYWJrYQ?oc=5,{'name': 'Stock Titan'}
2026-05-19 07:00:00+00:00,NextEra Energy Announces All-Stock Merger With Dominion - The Globe and Mail,NextEra Energy Announces All-Stock Merger With Dominion - The Globe and Mail,https://news.google.com/rss/articles/CBMi1gFBVV95cUxQVk1ESm8xMGpVVktIblhQcE9EMGhSR1lzTVJIZHl4Wk1YR01JYlBxN2hPU19xX2U0YW1mU3QtVGJ0TVEwX192bEFCVGhaNkJERmg2WVVqV0JQM3pPWmhPOE1uWllhZnp3ckxBZ3pTTDVYZUxhRGV2X0gwNDZPYTlLUTExVmNsVnBFOTc2NEw4SG9ydl9FVGZSQVRHMEJKSlR1dHBKSWdMWURBemRjenpvXzg5RkhGMFowZ3hTTU91cnVLN3ZvZGVOZDRnT0dKajVmMVBTOWtB?oc=5,{'name': 'The Globe and Mail'}
2026-06-10 07:00:00+00:00,The Energy Grail Of AI: Math Of The Merger Of NextEra And Dominion Energy (NYSE:NEE) - Seeking Alpha,The Energy Grail Of AI: Math Of The Merger Of NextEra And Dominion Energy (NYSE:NEE) - Seeking Alpha,https://news.google.com/rss/articles/CBMiswFBVV95cUxNajVtMUhSYXlEMVVtalRzMk11NHU3VUNnZHN2dDhjalNTNXdLZnVrSFdDdVR4eVExamN2aWJDUEN2d296bXZVY2VYLVlrb3QwQjdOR0liWFBTZ19QLWxxMzRjY1FhVXBEV28tRTF0Y0ZET0xqc1hnNzFxbWE0WUFkWDR1U1plU3BTbFpsdHJLMlRJTFlmR2ZTcHQyZExiM2dYeWF0RUlEaXhzMFVlWjhLZW5WOA?oc=5,{'name': 'Seeking Alpha'}
2026-04-28 07:00:00+00:00,Proposed common share sale by NEE (NYSE: NEE) disclosed in Form 144 - Stock Titan,Proposed common share sale by NEE (NYSE: NEE) disclosed in Form 144 - Stock Titan,https://news.google.com/rss/articles/CBMimgFBVV95cUxOYmVIU3cwSy1rZm15S29ZTEJmS1RlZ3JQdVY4S2dLVUx3dm12QllmX0JxaHpDRDJXOFNIWFZ5ektyQ3lwOWdaZ0RETXZTTjdDV1R1eEwxLUh3YTVVT3F5SEJsaUtxc0t5ekxkT2ZCNGNqN1dpZUNmUlJ6YnlGTmlONmxWVk12RXp0SDAwbXhQSUZqTl8zN2M4dEVn?oc=5,{'name': 'Stock Titan'}
2026-03-23 07:00:00+00:00,Worried about a shaky stock market? This is what financial advisers suggest you do - NPR,Worried about a shaky stock market? This is what financial advisers suggest you do - NPR,https://news.google.com/rss/articles/CBMimAFBVV95cUxQbE1tMXpCak5ydEgxdG95NWJYS01WWUxRN3Q1cDhsV2tkanpDZU1HaEVURXBJX2xrZ0hja0gtR04tM0hYdXhmVnFXOUtxRTBHRGJ4SmlUZVhadE12Vi1RcWVxbmJCNEhCeG9Tc2dURWF4ZE41SmZqazA5Mlg1MUxwVGlTcEprcnZzek8wVktQVWJmMzR5OXBwOQ?oc=5,{'name': 'NPR'}
2026-04-08 07:00:00+00:00,"NEE Stock Surpasses Industry in 6 Months: What's Next for Investors? - April 8, 2026 - Zacks Investment Research","NEE Stock Surpasses Industry in 6 Months: What's Next for Investors? - April 8, 2026 - Zacks Investment Research",https://news.google.com/rss/articles/CBMiqgFBVV95cUxOYTU3Yk5idkNsOVE4Z1VBQWxFal80UVJTYm56OExLWnVuUVJiT3dlRU5pekE5bmh3VjhFWThlOEwyTzdIaTk2azJXdElTUlljaUo0LXR1bXRvQjFfMml4MGdMeGNOdTlMRjBDSlZsWGt6SDRieUM2YnUwSFd1YVJKWEZpMFJSZFhxa3Zja3FhaUszLUtNM3Q0aFV1UWd0YjllcncyUG1tZnViQQ?oc=5,{'name': 'Zacks Investment Research'}
2026-04-05 07:00:00+00:00,3 Utility Stocks With Strong Dividends and Room to Run Higher - MarketBeat,3 Utility Stocks With Strong Dividends and Room to Run Higher - MarketBeat,https://news.google.com/rss/articles/CBMinwFBVV95cUxOOUN1V29HeXRQQnFmX2pLSFBlN3hINFpxRnU1RFlCdUJtdHNaQ0Nwa2RyZHZKb1JDUFpyNzhRWjczeHFpX0hmT1h0MjVsOTZUVVE0SUE5Tzhtbl9hQ0dOdThlZjU1blk5UUhyQy13SnhZR1ctWjJRRlRQb2tHVEtXWWVHRE1CRkNFU2pCN2dGNU14V1BnR0pRVnlrajBjT00?oc=5,{'name': 'MarketBeat'}
2026-03-10 07:00:00+00:00,NextEra Stock at $92: Here’s Why It Could Set New Highs in 2026 - TIKR.com,NextEra Stock at $92: Here’s Why It Could Set New Highs in 2026 - TIKR.com,https://news.google.com/rss/articles/CBMijwFBVV95cUxPNmQ3N1haWHNiOG5BOXY4QnY4TjljRnh6MXI3b3RxU3ZudDk1cFFHR0ZUUFdzRlJNbTE4UGVMeEt1NzZ2VkNQZzFMRkZpOVF5b2FOUGZZX3A5OVdLTDFiNDVDZVhPMVN4SEg4dFFEQWFOMUVCNXF5UVFEc1cxbEZmb2tqeTlkTWZzV2lSU3JkMA?oc=5,{'name': 'TIKR.com'}
2026-07-24 07:00:00+00:00,Market Awaits New Home Sales Report - TradingView,Market Awaits New Home Sales Report - TradingView,https://news.google.com/rss/articles/CBMilgFBVV95cUxQc2dDN0lHMG1hM3RCR09paDZYcm9YSG9CT2dWd2RFbi1RdV90YllUMmdiX3ZOTDNad2ZMWEswVGVtTzd4OWVPbjJuWTcxQVZxT3pkVkVTYmhxVWlmS2FEcWZzN01Jc3BJbVpYVGxiRkNqOVlyN1ZCQmdWT0NNQVlBYVRyUnZ1aHJ6TDVHd1YxNE90UzBvZ2c?oc=5,{'name': 'TradingView'}
2026-08-02 07:00:00+00:00,New stock market timings from August 3: What has changed? - The Times of India,New stock market timings from August 3: What has changed? - The Times of India,https://news.google.com/rss/articles/CBMi2AFBVV95cUxQVFBfSjBaT0F2X1NDZXpLYlZRTXVzNnR6NW45WENSdks2SzVTRHE1TnV5WHVDLUViSEo2UjNFc0VlWTRYazhtNWFON3JmeWhQMnA1eW1weWtqMHcyN2FFVy1pUWJvc2l2UmVuY09STEFPa3NKd0toTDE2QmM1aHlKUXJ0dTRnbGQzSWFUeTVlckdZUlpxTDFsbERKSm5OSVU0RmJNMjllaGVOTWJWMFBUM1d5NEkyR2xkM3l5LS1FZGRWbmhXUE1UdlpPTE41aGVZVGxsWEI3djTSAd4BQVVfeXFMUG5saXBPeEhfd2xiekk4eHpSb0lmaXRtMmJJb2RaLVlwMkJNUWlDM011S01TaXZFbjhMS1hZZmNpSnhNQjZoNEt1c3NxbGp6MG1ubk5lSFl6djRoODdIRlZ5VExQOGQ3LVBRMEhCVXdZeVJfa2owa2RvQWFKNDU3U3J1ZHc4Y1U1UUxXb2VPV1Y4UlRkSWFLRWlnZnd5ZWlqendsbkZDNmVfanJod2hmekNSdVJteGsyckQ5Qm9obGRmVzhiVFlfSEtaeWhSRUc1MkYtQjF3MWQzMENhUm9n?oc=5,{'name': 'The Times of India'}
2026-07-29 07:00:00+00:00,"Brookfield, NextEra to develop $100 billion data center campus in Kentucky, source says By Reuters - Investing.com","Brookfield, NextEra to develop $100 billion data center campus in Kentucky, source says By Reuters - Investing.com",https://news.google.com/rss/articles/CBMi2AFBVV95cUxOdlVLQVNqWE9yRlZXdU9jSTliWWlMOS1uMTFQNzRKY2RiN3pJNG5ZUUxyUkdBcFZtd1BhNlF3Znp3OGVRblRGYWVidVJxSWhUSVVmTFhEc0VIekFHNDVhWlF0WnBGaEgwTUdDb1pGdjJQSnpjelBfYllhYndpTXNnQjRVdXF6N3dTUExRRnpPN3I1QVFTWGJNNmdDWmhkSjVaUVdRUlRmQUVaTmVuMm9GZVVpWUY5ZU9OYXRJQ2lwN2lMWi1MTXZUM2xLUEF4MlUzZWZTN3dtaVQ?oc=5,{'name': 'Investing.com'}
2026-06-19 07:00:00+00:00,Best IPO Stocks to Buy in 2026: Latest Upcoming Stocks to Watch - The Motley Fool,Best IPO Stocks to Buy in 2026: Latest Upcoming Stocks to Watch - The Motley Fool,https://news.google.com/rss/articles/CBMie0FVX3lxTE5LY2dYTTlvS3R4YWhNOEFWMTJEbmlPRE9EUlNMcUF4VHY5cWZwMXFxZHFlNEYyalR2S2NUSWpndVQ5VGVFR0RKeUVYaEdvaFJHekNseDhCWjJ0Zl85Vk9JcUFHblQ1cGZrZWJfem5CU04wTVYzZGtiVWtjTQ?oc=5,{'name': 'The Motley Fool'}
2026-03-26 07:00:00+00:00,1 Energy Stock That Actually Benefits From $100 Oil (It's Not Who You Think) - The Motley Fool,1 Energy Stock That Actually Benefits From $100 Oil (It's Not Who You Think) - The Motley Fool,https://news.google.com/rss/articles/CBMimAFBVV95cUxNem1xeEh0UHBER3VLS0l2R1B4dGYycWNuQ3dDQzBCYnhPaVN4Skg3UGZaLXFQeE9Wb3VaemNNOU1jU0otSjNDTXBPN0NKM1JCc2NLWnVUR092eVJQNVd6SC1KUnFoUUhLM1hyRG9QU1pmSTl5V3oyNlpDcmRWX0dtV1F1eUo1STFyRV9MRW5vQlNFSjFSM01zRA?oc=5,{'name': 'The Motley Fool'}
2026-03-28 07:00:00+00:00,Nextera Energy Cdr [Cad Hedged] (NEE-NE) Stock Price and News - The Globe and Mail,Nextera Energy Cdr [Cad Hedged] (NEE-NE) Stock Price and News - The Globe and Mail,https://news.google.com/rss/articles/CBMickFVX3lxTE5rZHVqRTBTNVVFVlBUeWhQWFZfSVlRNXRmSWRfcWJlRGlFaWpYYTdXSzRzRk1SckcwQmF4RTVSOE5yN2hhbUxqN0gtdDI3SHh3anVYcHo5Z0NfMHhYQWtOYXVyMmxDT0tGRWh1SXhBSVlldw?oc=5,{'name': 'The Globe and Mail'}
2026-03-30 07:00:00+00:00,NZX introduces new index futures to bolster New Zealand equity derivatives markets - The TRADE,NZX introduces new index futures to bolster New Zealand equity derivatives markets - The TRADE,https://news.google.com/rss/articles/CBMisgFBVV95cUxNdk9OMGhtWXlkMjd2V25mbHlLcFhzOXNJb2dLN0UyV3dlWkw4a2ZFaDcxM3IzY0JFZzQtUmxub2RLYmdXQWRfRk1Yd1F3QVVTZ3J2MmZROVkwNjhtQUtoTHFtd2tDNlgtUFJhcmpHdGNqRjBqMmpSdXQzMm10dkJtMGplZzJ2RF9QakU1NFR5UTBHdW5mdHBKNlpHNXh0OGpsbkZBUkUxdTdzV2VmT0RCcU9R?oc=5,{'name': 'The TRADE'}
2026-08-03 07:00:00+00:00,"Explained: What is CAS and what do new stock market timings mean for BSE, NSE traders? - The Economic Times","Explained: What is CAS and what do new stock market timings mean for BSE, NSE traders? - The Economic Times",https://news.google.com/rss/articles/CBMi7gFBVV95cUxNX0JOTXMxUm5ubkdFUkZBS0pXSVRXNjNfMVViSFVWY2FieUxGLWdnNzIzMXo1dVhPZ1hMTnk2MEpSd3ZZSnE4c1dLSmR4akx1dXBMeXFQVWpQX1p4Nlk0enlqTVFMRWEtbXRBUEloYmNaMzVzbWtZN3VVSy1XejlscjNzZkFrMzhGWTRLNG8wbXl6cHVaVFU4clhsMjJ5TEplS3ctWllGakFvbEI3VmxnX0dCQTV6MHB2YjI4WHlMMGc4UVJBazUxMk41YW96WEc4SDFsOW55QWV0a1ZUMHRJQTk4WkVjQVVFUmQzOHBn0gHzAUFVX3lxTE1TcXptRTNYTHpFZF9TQUNFSHp1WEpBUzN3VzJEOVAzQ0NkbVlkalFSaUJ6S2k1OTkySmduXzZsVVpuN2FNX05fZERKbV9rRmczM2U4RmllakdCOXI4eFBBUXdqWnQ5dEhQenNCYjJReWFWMUo0NDBlaTZnb2pXUVJtcnlhdDZvWUZRVWVHb1ZiNDBBSEh1Z2ZnOVg3YjRfalVlLUhBY2xweFNmaVJKcGJ4Q2JQNUdrNVl1bms3OUlUM1V2VWktMVNlY0pseWUxZmpsTE9KR3AzRFhNTlRWd2ZzQmlveDVNclZFeFQwbUQ5RWVITQ?oc=5,{'name': 'The Economic Times'}
2026-04-23 07:00:00+00:00,NextEra Energy Shares Build Momentum Into Earnings – What To Expect - thebull.com.au,NextEra Energy Shares Build Momentum Into Earnings – What To Expect - thebull.com.au,https://news.google.com/rss/articles/CBMingFBVV95cUxOb25tbkR3aGpSZHJCZGNMTGp0U2ZOX0V5QnVJTnJ1X3NlWnZPU1lEcjM3MzRiWlFDbzVOY0xDSkJyRUdYRVVGY211aERLZDUySVhnOEE0aEd6Z2syNWJKbE80WVRsWFQzSEFnTy1LNGZGMjJIdkJIRG8wVnBZNHc2WTlJNG96NFdLMlpvNG0wUFZjbnpYZ0lXSWowamxuZw?oc=5,{'name': 'thebull.com.au'}
2026-03-09 07:00:00+00:00,3 Non-Tech Stocks in TradeSmith's Green Zone for Financial Health - MarketBeat,3 Non-Tech Stocks in TradeSmith's Green Zone for Financial Health - MarketBeat,https://news.google.com/rss/articles/CBMiogFBVV95cUxOYjBoU2IybFRER0ZVYjVwV3lYVmpsNzBTemttOEFUZWFpYzVJME5NVktsYnlwaGhJTE9ocVFTTkpMX2Zxa3kwaE0zSXBqd09oTHg1R0pXRC1UZmlXRjFsa0hnT2JTVmZKbE9uc1J1RUVSbHZod3BRWFc0TkN0RVcxeVBJOTIwNXo3bVFCQzJxWFBuU0owZm1EYTJfQi1lT2ZWYkE?oc=5,{'name': 'MarketBeat'}
2025-12-08 08:00:00+00:00,Here's Why NextEra Energy (NEE) Fell More Than Broader Market - Yahoo Finance,Here's Why NextEra Energy (NEE) Fell More Than Broader Market - Yahoo Finance,https://news.google.com/rss/articles/CBMif0FVX3lxTFBSRGdRWEUzVGd1eHFCZWp2TkVudi1fMGotVDZSc3RpdzlNb081ZFU0QkpTYXlWUHRrTWszcUdFUzhyU3lyMXJBRnJOMmswNU9kNHBMcTJiWktJU2xWVGJsbVhCS0tjemhFX0h6cWF2dVZDREIweDEySng0TGFTYlU?oc=5,{'name': 'Yahoo Finance'}
2026-02-10 08:00:00+00:00,AES vs. NEE: Which Stock Is the Better Value Option? - Yahoo Finance,AES vs. NEE: Which Stock Is the Better Value Option? - Yahoo Finance,https://news.google.com/rss/articles/CBMieEFVX3lxTFBSdTdtaUtDcWI5SmdfckF6VWhtNmlXS0NOMVh0QlJBdkRrZ0UySUppS2xRUU9JLVNSbW5tOFQzd09uQzVrczZtOG9WVGhxYUo4Rm1nM3Z2ZTdWTzdQT1BKRU1MYUhxc0NBSFRBRkpzczUwdDFYT1I3bQ?oc=5,{'name': 'Yahoo Finance'}
2026-01-29 08:00:00+00:00,NextEra Energy Stock Offers Steady Growth And Stability - Investor's Business Daily,NextEra Energy Stock Offers Steady Growth And Stability - Investor's Business Daily,https://news.google.com/rss/articles/CBMiswFBVV95cUxOc3VWNHYwM2RqNzhYS1ZIRkd2bjZaOGw0ckJSaWRUMlQ4b0NQSlR0NUlHVlVZRDQ5TEVNWlFwOWVaMC1fWk1NNmtyckc4anJnR2dHREw5MThjV09yeVJGZlk4N2FHcTZvSWhDcU93Y3duZkxRQmFaRm9WdzBWSEZTOEs0cjlDVUhtVUdjNXRmRUZEXzBPX01pUVJRaUlDUDhrZ3A2UmlCTFZtZGdxalF4Zk90aw?oc=5,"{'name': ""Investor's Business Daily""}"
2026-01-29 08:00:00+00:00,"NextEra Energy: Priced for Perfection, or Justified Premium? - MarketBeat","NextEra Energy: Priced for Perfection, or Justified Premium? - MarketBeat",https://news.google.com/rss/articles/CBMimgFBVV95cUxNeld5WXdjd2k2X3F0MDVrdTZRdDdialE4bV8xb2xaMFNWXzFMbnVHUmIwWHBCdzkyUTZ5WmxlQlhWMi1oTVNpdXI4Rl9FeGI4VVZRVEk1YjljRWpEalZfNWF6MXViMkEtcUl0Y1F1SVlwRUpEN3duajR2NkpBa1l6WXZYS3QyMUZIZnQ2UzhGWGllME0zVkdZUjdR?oc=5,{'name': 'MarketBeat'}
2026-02-27 08:00:00+00:00,NextEra Energy shares rise following $2 billion capital raise - Investing.com,NextEra Energy shares rise following $2 billion capital raise - Investing.com,https://news.google.com/rss/articles/CBMivwFBVV95cUxONmNRU0V0dFg2S3l1ZnhzUnBsN3BiRWtSTUdqQVVmQk5mTVZ4cGlCLWxVc0d3RzB6VTVLMXhQbnZzS1JYQndwQWEzTjBCMmFwQjFwT044Sndlczc4SkVPUHNwLWZtOTRibUd3SWYzZDdkNWl6cnRVXzc3a2daT1FCTkEyVHEyTG55QnZmNTR3MTk5M1pQeVRuUUM0Y0x5R2ZpTFdyQjJVMHhZeVJTbDN6cjJJTEREN0cxdWYwMUd5NA?oc=5,{'name': 'Investing.com'}
2025-12-10 08:00:00+00:00,NextEra Is Doubling Down on Data Centers for Big Tech. Should You Buy NEE Stock Here? - Barchart.com,NextEra Is Doubling Down on Data Centers for Big Tech. Should You Buy NEE Stock Here? - Barchart.com,https://news.google.com/rss/articles/CBMixwFBVV95cUxOQzVHR0c4QW9FOG9CYk9vM1FFbThpVFdDUVF2eXczaUp5VXZNbXdOZnVILXZyWkdYb0hKTWhBN0JPQ191Z3ZQTm9GZ1NUWF9HWi1LcThUOUdFR21Mc0JCOFEtMGdBRFF5dlA4TWdmRlZZYWFjZ21VSTFvNWdGMVEtR182UmVWWjJNVk1kV0hXOTFMRHVHRVRvUDIyWHRmbEx4LVR4cHkzWmhzeGFPektOdVI1UHN6U1B3Tk0wVFVmMVp1d3hLOVg0?oc=5,{'name': 'Barchart.com'}
2026-02-12 08:00:00+00:00,3 Reasons NextEra Energy Shares Could Soar in 2026 - The Motley Fool,3 Reasons NextEra Energy Shares Could Soar in 2026 - The Motley Fool,https://news.google.com/rss/articles/CBMimAFBVV95cUxPeUFBXzczb09wX1Y0X2l6UW9OVF85a2V6dGthT3NFVXdxMDhpUFhZeHlzQnY2QjZwQjNseGVjVVZxVEk5T1BaODd0bnV0T084b1hUODNwdDR4cGpqejFkY3lweG9oVzYxZlBWZDluZmpERDdmR096REZvUC03d0lZMGVBZU40VkZscDdRX3VXa2JZdkhiVmdPeg?oc=5,{'name': 'The Motley Fool'}
2026-02-26 08:00:00+00:00,NextEra Energy (NEE) Stock Drops on $2B Equity Offering - Tokenist,NextEra Energy (NEE) Stock Drops on $2B Equity Offering - Tokenist,https://news.google.com/rss/articles/CBMif0FVX3lxTE1oN1lJZ2lEQ2R4NkN0cXVLSHYxZk5wUE5CMTF2bWc5M2NwVzc0dk5zTVRZZzRFR2tXRElpTGIzYzNkSWtpbXJqb0RaUE1DU1ZycDFldEtvdUN0Y3lBaGZGMHJnZ2hNaGFmejl2UGtXRzFXMEFleXVMREF2amQ3bEk?oc=5,{'name': 'Tokenist'}
2026-02-16 08:00:00+00:00,"NEE Stock Outpaces Industry in a Month: Time to Buy, Hold or Sell? - Zacks Investment Research","NEE Stock Outpaces Industry in a Month: Time to Buy, Hold or Sell? - Zacks Investment Research",https://news.google.com/rss/articles/CBMipwFBVV95cUxNMG4tcE5WUUhZMnhHN3R6ellMU3JRc1VKRjZJLV9ETHJkRmJDaXFWR0ZrbkxrTWM1c0VqaThYc0NXZlktRFEwN1BHdTRxU2VmWmxqcWY2SnhvbEg2T1c5bnppNFJOM2szNHhObWgtbG5vMFRQUDFCMmlUUmtwYUprLVZzc1licTRxZU8ySURkSzFoeUQtM0xzNDh3RnJVVUZwV0NvZFBiUQ?oc=5,{'name': 'Zacks Investment Research'}
2026-02-06 08:00:00+00:00,Shares of Jennifer Garner's Once Upon a Farm pop 17% in public market debut - CNBC,Shares of Jennifer Garner's Once Upon a Farm pop 17% in public market debut - CNBC,https://news.google.com/rss/articles/CBMirAFBVV95cUxPM0V1dHhVR1JXbXBvcFotNFF3aDR2VGZETnpIZkVnLXNiOE5LVmRrM2l1blpaUExlRjhfVXB0eG1wemhFeWhKYWRuVjYtQWhBejUtNXhZOE9acE51enE3dG5OQUZFRjZsaFVhZEFUTndvQnNFMUE5UnpXLWp1eG13YUMtd0hCZ1gzTXhRRnAwNE5IeFROamdpbzVidDNTVjdyeFBrX25PNE1VOUpP0gGyAUFVX3lxTE82YTNXRlVmUFlVS0xiM1pJbzBzdjU3NTFZcE5PZW5xNVlGYmhXUUFDWFZ1WFg3MEc5d1M3WVVDWnVNQl9kZkVqUmpFZWtmam9jUFA4cWRmZjltQ2VGWExYMktHSF9QY1NYZDJIZUpuY2RDaHYzYWNsUGc2bTFqVl9UT0lCNG1tUG55YTRZUlNYUlVOWHdVUWpkOHF1RWxXYVV2U2VubGFhdFVkVm9QRDA5dUE?oc=5,{'name': 'CNBC'}
2026-01-27 08:00:00+00:00,NEXTERA ENERGY ($NEE) Q4 2025 Earnings Results - Quiver Quantitative,NEXTERA ENERGY ($NEE) Q4 2025 Earnings Results - Quiver Quantitative,https://news.google.com/rss/articles/CBMijgFBVV95cUxOVG40M2V5cjdCREh4RVBxeHlPSDVJd0NSU1c1bGc1RDIwOUQ2THJHbHBFdDk2cnZqTWVoWkRzYUg3VWNaV3ZZTlN2N1ZNTkliQU5HQmJpd09ocmQ4aTRxZzk4T3V2UEVxczE0RmNKLVg4MnNVemlLXzBVMGZzUVQ0emREbzZHbmJxa3lfXzJ3?oc=5,{'name': 'Quiver Quantitative'}
2025-04-17 07:00:00+00:00,"Is NextEra Energy, Inc. (NEE) the Best Long Term Stock to Buy According to Billionaires? - Yahoo Finance","Is NextEra Energy, Inc. (NEE) the Best Long Term Stock to Buy According to Billionaires? - Yahoo Finance",https://news.google.com/rss/articles/CBMifkFVX3lxTE9jUVl3aEQzaUZMaGdjMlBuQ0kwb25jUmZDX1hyY3RIbEZ4SFBNY1VYaFFFS2liUmsyN0p6ZHBMV01QSXBzUnZMYVoxMXI5ekZqaGxVRVNpMExzRTU3VGh3RlFmc2hSLWktUUMzNFdicVYtSmZUUE1ESkhpZTNydw?oc=5,{'name': 'Yahoo Finance'}
2025-11-24 08:00:00+00:00,35 New 4-Star Stocks - Morningstar,35 New 4-Star Stocks - Morningstar,https://news.google.com/rss/articles/CBMiZkFVX3lxTE9rbEFNUmVPUThPWEpVMjVhaGVQNmJ0N19MWVdobWJXaTkxSTZ5VXBMd0NsZTAwUXZMeGRfWlpDTWFPekQzZ0psSnZ3eWJxSWk2LVBOVWxZOEJ1SW1vbUtfdWtwamJ6UQ?oc=5,{'name': 'Morningstar'}
2026-02-11 17:09:38+00:00,"Trump announces new 100% tariff on Chinese imports, after stock market sell-off - ABC News - Breaking News, Latest News and Videos","Trump announces new 100% tariff on Chinese imports, after stock market sell-off - ABC News - Breaking News, Latest News and Videos",https://news.google.com/rss/articles/CBMirgFBVV95cUxPV09Nb0pfaTVLaDFTeVVNRVFqMks2anNkd3dIM2NEQjMtREVXOS05XzZ6dzltV0N5VUlWdmw2YlJTTHppT3RRWGh3T0FJOE5TNzlQTlF2LTZ1amxNa1hwd2dLYWVzU0RMT01PQlVjOEFRdVNtd1hha2VXRnpSMUwzcHJzenFZbUZPNUN4VFY5X2NZSEZ4WDJISjlhVnQ5a0gwUlRMY2lnR0xPX3FVUXfSAbMBQVVfeXFMUGI5RlZTSGVERXVWcXhXMXQxWUlLLVgySmp2cFc1Q3EwNUxycy11RWF4RmYxV0gwYnBUUXA3UGRZUXZXUlJkRVNOYkFTRDZxUkFKZTNBYVpOcWVOeGNfcWUwU0NkLW1UallWM1YwQWE1M05Kd0FmWjhfejVGcU9OX05Ld2U5d09VOVl4NzNoeDZvSDZ2R1ZRNUNsZFlVUEh1VlRKLXViVC1NTmxLcWl3WDZ1MTg?oc=5,"{'name': 'ABC News - Breaking News, Latest News and Videos'}"
2025-10-14 07:00:00+00:00,3 Sustainable Stocks Benefiting From the AI Energy Surge - MarketBeat,3 Sustainable Stocks Benefiting From the AI Energy Surge - MarketBeat,https://news.google.com/rss/articles/CBMimAFBVV95cUxPaXVpWWZXVG1JdUMyX3RUQmJUdENFeC1HeVRWb0ZZTTZJRjJaNm40TEpQOFFyMWVtZnA2cmNNTmtlOUtHVXp4T3kwQzRWQ3pfcG82TDd1bk5tbksybDhzV3V3WF9laGFvY3ZiLW9NaURQS2R3R0gtTXNJbFAwT1p1TXhpTDJYRG1yMExOYWhIX296b2pSZFE3eg?oc=5,{'name': 'MarketBeat'}
2026-02-04 08:00:00+00:00,Anthropic’s new AI tool sends shudders through software stocks | CNN Business - CNN,Anthropic’s new AI tool sends shudders through software stocks | CNN Business - CNN,https://news.google.com/rss/articles/CBMieEFVX3lxTE5DRXZMUWZkeW1wU2N5XzVybHZQSk1jek1UcDNWakFGbkJpdE52UE1pOWdCbUs3SnlZSmZxdFl4LWtQQmRvTm9JV2pHaTdQeXhzdGpFUWRXVTAycWlXaHJaZS1Xd2pxNVduZEc3UHg3ck9aUmhMb3MxRA?oc=5,{'name': 'CNN'}
2024-06-18 07:00:00+00:00,NextEra Energy Stock Drops After Announcing Plans To Sell $2B of Equity Units - Investopedia,NextEra Energy Stock Drops After Announcing Plans To Sell $2B of Equity Units - Investopedia,https://news.google.com/rss/articles/CBMitwFBVV95cUxNTUtwdWM3YTJjRGo4YUMtY3RvNnRKSVlVQllLVmNfQ3k2V2ZpVVlkdW9QZWdMN1YtTXF2cDMxZU1iMjNWZkNzU3NMNzNwdnJ3OVYyMUdrb29jSm5lY0NzSEs2RUVyY25qcXBWT1J1Y3JqZ09oX1dISVBHbkd5d0MzaTI5Qnh6WWpUQ1lBbDFZZnVYZ2k2aFp1TDRjSmRQVzVvMXJkVm82LTFrM21yNFdZUTloOTBQM1U?oc=5,{'name': 'Investopedia'}
2026-01-26 08:00:00+00:00,3 New 5-Star Stocks This Week - Morningstar,3 New 5-Star Stocks This Week - Morningstar,https://news.google.com/rss/articles/CBMiZEFVX3lxTE5oUjV0NXBmeEdFbzZRQ0ZJc2U2R1pzMTFIRVpBU2FKdXJzSy1LT2M5TDUycHBhLWtsd2NQU0QzamFRMk5CdXd2NWhFc1NqbW1hN3hwMmozWVZBV0hiZHUwck5rT2w?oc=5,{'name': 'Morningstar'}
2025-10-23 07:00:00+00:00,Is NextEra (NEE) a Must-Buy AI Energy Stock Before Earnings? - Zacks Investment Research,Is NextEra (NEE) a Must-Buy AI Energy Stock Before Earnings? - Zacks Investment Research,https://news.google.com/rss/articles/CBMinwFBVV95cUxQS0w4OGNEc3RUZE9EYmRqbHRPdE5yZ2FXTHRqdVVYSl9Cc19oNjFfdlUzMDU1bWZfSU5kLWMxZTh6bnBTX2pxZDFOa0xzQzVCcnkwRER2TlkxUXJKbVZzSVEta1h6ZjVzc0x3R2dGdnI4amdCaVB6Z3hKcldBcl90c1lGUmNoLVFKUzhGQjlCRlZYM1pKNGdUNjUwNm1IdzA?oc=5,{'name': 'Zacks Investment Research'}
2025-03-22 07:00:00+00:00,"Was Jim Cramer Right About NextEra Energy, Inc. (NEE)? - Yahoo Finance","Was Jim Cramer Right About NextEra Energy, Inc. (NEE)? - Yahoo Finance",https://news.google.com/rss/articles/CBMigAFBVV95cUxOVXBfcmhTSHM5VUkxbzNtSl83VkpNQTZtVmpHX1FSTkl0ekh3eTI1anotNVdENVB3VUxpOExTb2hYTVFDUzFvdExOV19PakhqYU02V0NHZENGU29tNk1zRlVkRzllb2FKWHJUQ3RDaDBKY3ZZT29sSndnb2tYTE0zZw?oc=5,{'name': 'Yahoo Finance'}
2025-12-29 08:00:00+00:00,NEE vs. CEG: Which Energy Stock Has a Better Prospect in 2026 - Zacks Investment Research,NEE vs. CEG: Which Energy Stock Has a Better Prospect in 2026 - Zacks Investment Research,https://news.google.com/rss/articles/CBMiogFBVV95cUxPdlR3cHpMS0huYkZMWXAyUUlEY1dSRm5LZjd0d1ZTRWF2dzZ1N0N2YVNfLXBzZk94eFRtXzV4UmpSVWFBR01jdG5HQWlGWHpxeGU0S1FtYnQzWHhBbklZRXJET252WVIzZ2c0eDlzNjJKblN0RzlUWTJKQ0Y4THVuYkRWZHRtOXRlOWM2VlJHS1NzZGljaWsxQUFvTWN1TnoweWc?oc=5,{'name': 'Zacks Investment Research'}
2026-02-03 08:00:00+00:00,3 Boring but Beautiful Dividend Stocks Perfect for Income-Focused Portfolios - The Motley Fool,3 Boring but Beautiful Dividend Stocks Perfect for Income-Focused Portfolios - The Motley Fool,https://news.google.com/rss/articles/CBMikwFBVV95cUxPTXV1UTNhb0ZSbDB5SUM5OVlNYzBsakNacmI2SXA5SzJNZmswSUhmYUh6SzJrbmNJZWlKMHVXeVJNTXR4VklkVlV3WFkwbnNURXVPMnNHWldZRG5STjZYUGozM3NTaldlMXdhVVR4RnUxeDdlR2ZMQlAxbHBFdFFPRWlmWTN4QnhheVVLQUllSDBWbEE?oc=5,{'name': 'The Motley Fool'}
2025-09-23 15:25:08+00:00,"ETFs Investing in NextEra Energy, Inc. Stocks - TradingView","ETFs Investing in NextEra Energy, Inc. Stocks - TradingView",https://news.google.com/rss/articles/CBMiX0FVX3lxTFA1UV9iV2JFMTF5X2UweWExMVhvT3BMMmpjYUJRdElQWTlRRm5YR1VFelEwNGRYbjc0N2hXbEZWMEZ0MXExSlhvQVpUcEFlT2o3RjZLNnJ6X2t0Z0xidURB?oc=5,{'name': 'TradingView'}
2025-09-30 07:00:00+00:00,"Investing $1,000 Into This Top Energy Stock in October Could Grow to Over $2,800 by 2035 - The Motley Fool","Investing $1,000 Into This Top Energy Stock in October Could Grow to Over $2,800 by 2035 - The Motley Fool",https://news.google.com/rss/articles/CBMimAFBVV95cUxORzVobG5pX19TY0lYVHMtUFU1eHktM1k0NEFVNWo0a0VSa2dlQlQtTTBCNHBQQVZSa1dwa1ZMaER6OHdlZFNaZm1GRUprTzVncXREMF92RVBBeGFfSDZPWWlJVWpIT3ItajE2eXc2UWl4TnpPM0hFUWdKQmxtU2lJZm91X1YzcHBvNU9GbHNGTEFMUjhmVHhtTQ?oc=5,{'name': 'The Motley Fool'}
2025-07-12 07:00:00+00:00,10 Reasons to Buy and Hold This High-Yield Utility Stock Forever - The Motley Fool,10 Reasons to Buy and Hold This High-Yield Utility Stock Forever - The Motley Fool,https://news.google.com/rss/articles/CBMikgFBVV95cUxQbUVGQURDRVJJYjc1R0lfUXMyZ2swdFI4Nm1SWURUWmYySTd1SGk0Njhwa0pYYlhsWHJzZm8yZExvV3QzZEV4cnM5d25uWkNLZG5mbWJMS09LUG5TX0JkYjd6RG5sR1JKUU5yek9SRXNsd2MyN3hjZldwRHFsU0NyNDFIR1B3WTZRTFdzbWpXRFdFUQ?oc=5,{'name': 'The Motley Fool'}
2025-07-23 07:00:00+00:00,Why NextEra Energy Stock Sank Today - The Motley Fool,Why NextEra Energy Stock Sank Today - The Motley Fool,https://news.google.com/rss/articles/CBMihAFBVV95cUxPV3pVYjZjd0RYRzBwUnF5N203ZEJlSkdBR3IxaFBOUUJXek1mS2lERVdicUhrb3VrTFFIclpCVXBXdExrcmJwZ2U0djdQSy15cm1MX2gtcy1maXVWU1FMRjdhcFhZbFN5SnUzMHg2aWV2UjZQQU84S2FnZmV6RnZsamFuX2M?oc=5,{'name': 'The Motley Fool'}
